0,338,469,60,11
1,470,567,95,17
2,241,76,95,44
3,506,372,70,29
4,348,231,100,38
5,827,740,100,21
6,364,411,65,43
7,518,489,70,28
8,205,169,50,28
9,124,142,80,26
10,887,895,70,14
11,556,765,85,18
12,162,293,95,2
13,948,815,100,46
14,821,655,80,4
15,409,253,85,10
16,621,620,100,46
17,256,195,65,6
18,687,521,100,9
19,26,131,55,12
20,408,556,85,6
21,603,676,60,36
22,983,862,75,12
23,754,690,70,45
24,441,463,80,20
25,234,41,90,20
26,88,68,70,38
27,659,860,70,8
28,707,718,55,27
29,333,512,65,7
30,131,70,90,33
31,487,383,65,10
32,308,363,90,4
33,961,885,85,32
34,195,162,55,9
35,40,12,65,4
36,599,536,80,13
37,931,822,55,50
38,441,313,55,17
39,875,969,80,41
40,584,729,75,30
41,316,474,60,30
42,512,372,95,4
43,585,726,100,34
44,559,715,65,15
45,547,498,75,4
46,164,170,95,2
47,70,204,60,23
48,277,243,70,13
49,605,472,75,31
50,842,700,65,43
51,205,168,50,27
52,487,322,80,11
53,788,876,70,34
54,195,293,55,16
55,56,223,60,42
56,556,469,65,23
57,598,780,100,48
58,159,101,85,3
59,713,591,85,6
60,542,725,65,40
61,391,229,90,20
62,564,441,90,12
63,119,129,60,37
64,809,955,75,5
65,123,236,55,45
66,13,171,55,28
67,672,815,90,36
68,875,952,50,41
69,218,157,60,48
70,349,470,75,25
71,162,66,50,11
72,780,643,55,45
73,659,768,65,2
74,205,364,80,2
75,984,795,95,5
76,731,768,80,38
77,221,270,55,16
78,675,788,100,4
79,541,686,95,36
80,1,84,55,3
81,12,59,100,32
82,926,825,95,43
83,191,215,80,20
84,41,61,100,41
85,223,374,80,30
86,659,767,65,45
87,735,670,85,41
88,272,95,70,24
89,821,687,100,31
90,765,705,85,11
91,489,647,85,36
92,617,660,75,16
93,734,686,60,20
94,552,692,100,48
95,229,417,60,26
96,391,374,70,12
97,13,204,75,49
98,324,392,50,29
99,271,307,70,11
100,97,256,50,31
101,717,734,80,47
102,557,585,90,16
103,984,983,80,10
104,885,799,100,24
105,236,162,65,27
106,88,106,80,28
107,284,421,85,48
108,249,144,85,30
109,447,593,80,31
110,718,547,75,23
111,736,870,75,44
112,763,848,80,10
113,829,717,90,15
114,736,551,65,15
115,271,339,65,38
116,197,106,65,48
117,907,829,100,41
118,690,846,75,31
119,138,249,90,50
120,315,550,80,25
121,409,322,100,21
122,512,449,65,27
123,315,164,60,32
124,152,20,55,36
125,284,195,100,30
126,218,97,70,41
127,224,245,80,5
128,171,60,65,15
129,310,320,75,37
130,99,160,60,44
131,170,258,80,35
132,895,957,80,13
133,792,812,85,3
134,688,763,65,26
135,324,157,95,44
136,469,306,60,19
137,835,734,100,38
138,937,830,60,43
139,692,707,80,38
140,286,143,65,11
141,271,132,80,22
142,228,45,85,17
143,981,821,60,50
144,963,877,85,22
145,939,856,95,50
146,58,71,95,35
147,286,371,100,4
148,961,850,100,8
149,383,391,55,7
150,124,323,50,2
151,307,115,50,23
152,756,947,55,22
153,342,197,75,14
154,866,875,60,15
155,245,339,70,6
156,269,380,75,41
157,692,787,75,39
158,848,746,85,32
159,740,726,75,47
160,688,685,60,20
161,31,128,70,8
162,269,95,90,12
163,246,95,60,12
164,71,143,80,9
165,47,7,90,41
166,395,188,80,12
167,243,164,90,37
168,822,812,100,32
169,653,647,70,46
170,162,313,65,9
171,774,718,100,11
172,521,589,85,8
173,210,206,50,10
174,786,873,80,32
175,285,333,80,32
176,78,159,60,3
177,594,439,95,46
178,617,643,75,30
179,713,666,95,38
180,270,118,60,30
181,371,235,50,33
182,591,499,100,38
183,519,651,75,23
184,888,948,55,25
185,379,487,55,13
186,620,763,60,41
187,117,1,70,45
188,71,209,80,11
189,864,909,55,44
190,219,183,65,42
191,406,282,75,20
192,575,701,55,24
193,972,821,95,33
194,253,75,50,41
195,630,571,95,28
196,898,871,60,25
197,16,224,70,14
198,246,33,90,19
199,947,769,90,3
200,414,566,85,22
201,160,106,60,5
202,765,959,100,17
203,110,82,70,18
204,395,379,85,29
205,907,871,75,4
206,284,293,70,49
207,520,338,100,31
208,183,143,100,7
209,550,498,75,37
210,846,989,50,10
211,956,868,95,2
212,856,914,95,3
213,144,153,70,26
214,40,136,65,32
215,255,389,80,26
216,845,827,50,46
217,345,333,100,19
218,850,737,80,23
219,498,657,75,34
220,400,472,80,28
221,228,70,75,10
222,47,37,75,48
223,991,821,70,37
224,731,815,65,33
225,433,223,70,19
226,472,333,55,30
227,520,659,100,7
228,364,338,100,22
229,726,547,90,9
230,670,637,50,10
231,693,575,55,17
232,58,128,55,13
233,310,269,75,6
234,702,812,60,38
235,551,620,65,7
236,659,653,55,2
237,271,84,50,49
238,937,828,75,41
239,389,228,55,11
240,706,518,95,42
241,598,546,85,42
242,554,685,75,44
243,605,430,55,41
244,641,614,55,5
245,717,868,60,14
246,106,247,55,13
247,891,906,55,47
248,164,113,55,2
249,454,363,80,45
250,463,413,65,15
251,286,191,50,47
252,589,705,55,26
253,506,614,75,42
254,541,604,90,14
255,160,110,85,14
256,400,471,85,40
257,974,831,60,32
258,204,338,70,48
259,100,97,100,39
260,768,788,50,30
261,271,245,60,34
262,470,417,50,7
263,656,635,60,14
264,332,209,70,11
265,860,973,90,38
266,830,706,65,46
267,466,554,55,46
268,112,341,55,14
269,245,142,60,22
270,567,760,65,12
271,493,641,80,42
272,609,454,95,20
273,637,605,95,28
274,498,391,90,42
275,678,657,70,15
276,153,204,80,18
277,871,967,75,49
278,575,466,65,35
279,383,512,50,43
280,995,871,100,18
281,480,501,70,50
282,56,206,60,6
283,968,887,50,6
284,662,666,85,24
285,959,748,50,41
286,673,571,80,7
287,239,372,100,50
288,105,129,85,2
289,195,332,100,7
290,110,223,75,39
291,905,937,75,46
292,209,368,100,40
293,735,826,100,6
294,183,269,95,18
295,142,84,75,30
296,395,389,75,49
297,271,73,85,25
298,333,390,85,21
299,371,275,85,22
300,63,72,90,49
301,845,676,65,16
302,591,554,95,12
303,170,60,50,46
304,12,124,75,28
305,53,160,85,31
306,706,690,75,27
307,124,4,85,31
308,519,593,85,11
309,43,239,60,49
310,88,106,80,28
311,744,710,50,10
312,171,380,75,26
313,622,449,100,11
314,390,557,80,25
315,964,806,50,29
316,16,104,100,13
317,489,315,60,39
318,236,255,60,15
319,956,862,55,3
320,895,952,80,32
321,898,740,60,19
322,767,822,75,14
323,907,862,50,33
324,692,726,80,12
325,310,388,70,37
326,119,228,70,16
327,221,16,65,33
328,400,544,95,48
329,391,205,85,29
330,860,707,80,12
331,778,765,85,44
332,95,124,50,24
333,860,967,55,6
334,566,670,75,47
335,308,188,85,40
336,82,191,70,11
337,315,518,65,35
338,293,83,85,15
339,247,255,80,33
340,647,787,50,21
341,142,13,100,12
342,788,898,75,42
343,246,132,70,45
344,135,272,95,29
345,166,13,95,9
346,786,825,95,10
347,784,600,90,20
348,160,228,75,48
349,9,88,75,46
350,153,258,60,25
351,422,559,95,32
352,90,49,55,3
353,519,371,85,25
354,934,815,80,17
355,527,392,65,22
356,763,864,65,22
357,598,471,100,32
358,166,52,70,37
359,353,279,75,38
360,347,195,75,46
361,795,710,65,10
362,169,3,75,42
363,984,735,95,16
364,124,76,95,41
365,518,564,65,17
366,755,739,85,38
367,551,604,85,3
368,10,159,75,34
369,676,556,55,26
370,482,546,60,41
371,664,518,75,7
372,519,700,90,33
373,37,239,85,40
374,364,253,70,6
375,697,512,85,26
376,550,630,65,19
377,152,109,60,25
378,41,246,50,32
379,972,838,65,16
380,63,107,100,2
381,651,729,75,24
382,270,113,95,32
383,959,870,90,11
384,765,926,70,22
385,521,614,85,22
386,706,809,95,36
387,828,890,65,43
388,846,898,65,40
389,234,359,95,9
390,472,485,70,48
391,433,413,50,49
392,88,205,65,35
393,247,245,90,20
394,447,271,65,26
395,559,584,80,46
396,603,737,50,21
397,747,924,70,15
398,850,822,60,20
399,891,750,50,3
400,499,338,100,43
401,209,49,80,7
402,515,460,75,31
403,678,784,60,30
404,277,471,100,26
405,700,519,90,12
406,663,845,95,30
407,559,699,75,8
408,379,286,70,31
409,153,349,70,14
410,520,521,95,31
411,968,974,70,12
412,107,195,95,10
413,637,774,75,3
414,480,388,55,5
415,13,81,75,37
416,550,603,85,25
417,515,656,60,22
418,286,406,80,37
419,530,668,50,42
420,219,188,80,43
421,90,164,75,27
422,171,176,60,22
423,860,710,95,50
424,799,967,50,43
425,913,729,70,22
426,599,498,95,50
427,246,383,95,4
428,123,284,90,5
429,109,81,60,33
430,642,657,55,6
431,347,136,60,11
432,471,323,55,35
433,804,815,60,47
434,364,245,65,7
435,832,961,75,24
436,882,972,75,7
437,463,546,80,23
438,12,28,55,33
439,688,670,80,36
440,170,253,50,35
441,501,301,80,43
442,677,736,80,46
443,724,900,60,37
444,249,136,55,15
445,686,763,85,12
446,891,740,55,50
447,147,138,70,16
448,395,220,65,5
449,871,883,100,45
450,644,806,90,3
451,541,603,50,43
452,71,197,65,32
453,352,439,50,4
454,56,66,65,50
455,124,119,65,11
456,585,439,60,34
457,622,823,75,22
458,755,788,80,50
459,304,256,100,44
460,559,670,80,3
461,541,736,90,50
462,577,637,70,33
463,191,204,50,44
464,888,735,80,37
465,256,191,55,4
466,216,162,65,39
467,433,417,50,15
468,205,322,65,39
469,353,364,85,2
470,105,246,75,46
471,722,835,55,39
472,223,74,75,34
473,952,924,60,27
474,786,978,65,11
475,584,724,90,2
476,644,603,100,49
477,643,726,95,20
478,729,831,70,37
479,293,469,75,34
480,134,191,80,12
481,570,554,65,50
482,470,220,95,18
483,599,656,75,14
484,763,673,75,18
485,673,731,80,9
486,774,867,100,20
487,471,417,85,3
488,293,339,85,40
489,162,43,100,44
490,480,313,90,27
491,469,379,65,13
492,816,806,55,4
493,969,867,80,8
494,747,664,65,14
495,942,875,95,49
496,512,644,70,46
497,868,815,100,15
498,609,756,95,21
499,697,521,75,31
500,797,752,50,43
501,813,961,100,16
502,602,622,95,18
503,685,763,65,34
504,113,253,50,21
505,417,225,50,15
506,647,593,60,23
507,767,780,65,33
508,948,799,80,48
509,955,813,75,31
510,551,688,80,40
511,96,282,60,33
512,599,485,85,37
513,735,845,95,20
514,152,111,100,17
515,463,563,55,41
516,744,619,55,2
517,414,546,50,41
518,1000,942,50,2
519,598,442,70,2
520,251,217,70,30
521,752,699,80,48
522,530,423,95,12
523,45,52,55,5
524,765,788,75,15
525,474,408,100,14
526,301,434,80,49
527,59,244,75,6
528,746,856,70,28
529,138,168,100,3
530,968,866,70,4
531,937,778,55,21
532,367,463,60,18
533,61,197,85,15
534,570,624,55,42
535,521,442,100,3
536,866,744,85,13
537,666,498,50,9
538,585,719,55,48
539,882,767,65,31
540,115,84,95,46
541,544,480,90,19
542,322,226,70,3
543,873,987,95,32
544,850,860,55,48
545,862,920,60,15
546,284,258,55,27
547,875,781,100,26
548,599,676,50,4
549,744,870,85,29
550,860,833,85,28
551,153,152,60,2
552,755,795,95,4
553,624,604,100,6
554,673,786,70,47
555,609,518,70,48
556,666,634,85,14
557,702,823,70,3
558,195,49,100,19
559,439,406,65,17
560,430,220,85,2
561,614,768,100,4
562,637,480,95,29
563,799,895,90,46
564,871,875,85,16
565,650,719,50,20
566,220,73,75,7
567,981,826,95,25
568,600,657,85,32
569,364,204,90,12
570,63,224,75,44
571,380,379,75,48
572,642,756,90,36
573,867,908,60,22
574,871,867,100,24
575,556,413,80,13
576,520,650,95,27
577,113,75,75,31
578,272,162,75,20
579,487,647,60,45
580,243,118,85,45
581,699,828,90,28
582,379,191,75,29
583,657,506,55,40
584,799,765,70,10
585,162,249,75,24
586,159,66,100,31
587,275,245,85,50
588,668,593,90,45
589,320,129,60,4
590,9,3,75,34
591,760,835,100,11
592,256,225,95,23
593,604,489,90,42
594,987,967,60,38
595,990,887,60,15
596,813,815,80,7
597,746,939,80,9
598,219,206,90,36
599,755,760,50,35
600,466,501,55,38
601,292,392,50,18
602,215,144,90,44
603,823,831,60,49
604,556,656,65,45
605,942,978,75,33
606,591,653,55,22
607,660,782,75,37
608,43,8,80,35
609,571,547,100,27
610,485,622,65,38
611,672,617,75,49
612,493,433,80,46
613,465,341,55,16
614,908,756,100,43
615,439,297,85,11
616,585,795,65,47
617,978,931,50,34
618,293,316,55,33
619,593,634,60,6
620,767,826,70,17
621,660,542,80,21
622,372,225,65,36
623,391,413,100,8
624,952,959,65,3
625,605,454,50,3
626,88,320,70,9
627,705,739,65,13
628,842,806,100,6
629,218,72,55,18
630,160,26,85,9
631,642,672,80,24
632,390,566,100,27
633,349,167,50,46
634,828,797,95,21
635,390,559,75,26
636,965,831,75,15
637,670,662,70,29
638,804,740,95,39
639,835,737,85,42
640,610,620,95,39
641,754,652,50,45
642,159,162,85,4
643,371,226,85,22
644,876,809,75,3
645,659,553,70,46
646,699,825,85,26
647,688,690,90,8
648,216,144,80,46
649,162,379,95,41
650,107,284,75,45
651,690,850,85,3
652,63,205,80,4
653,594,700,85,50
654,520,338,55,32
655,584,594,70,36
656,454,320,55,7
657,338,195,65,48
658,147,9,100,8
659,729,651,85,26
660,132,40,75,17
661,315,358,95,32
662,973,978,50,22
663,895,989,70,37
664,454,409,85,15
665,219,72,95,28
666,891,934,55,2
667,166,339,100,10
668,59,43,95,45
669,876,981,50,34
670,536,697,85,6
671,501,368,90,13
672,195,389,85,19
673,866,999,95,26
674,421,223,90,43
675,182,117,50,18
676,984,827,95,9
677,345,315,90,33
678,604,439,60,30
679,964,981,70,12
680,422,609,50,20
681,58,22,95,23
682,754,614,80,9
683,225,358,100,11
684,20,183,55,14
685,673,747,85,33
686,536,673,65,2
687,744,713,80,49
688,226,97,100,13
689,581,400,80,4
690,8,13,70,13
691,670,737,65,23
692,984,989,100,39
693,926,827,85,16
694,855,999,85,46
695,167,206,55,8
696,763,634,60,10
697,167,94,60,49
698,359,282,95,38
699,707,850,50,30
700,687,823,85,25
701,752,688,80,3
702,320,383,90,46
703,591,605,75,42
704,713,642,90,8
705,474,552,80,32
706,433,406,50,19
707,417,271,80,37
708,900,873,80,6
709,107,268,55,7
710,83,246,70,44
711,752,579,75,32
712,453,433,80,34
713,315,342,65,10
714,45,75,55,3
715,815,634,60,7
716,673,552,95,13
717,323,359,100,14
718,906,898,85,44
719,823,782,90,25
720,974,905,90,18
721,128,59,85,6
722,97,78,100,13
723,454,621,95,28
724,221,306,55,37
725,470,594,50,16
726,115,134,65,11
727,123,221,70,10
728,546,564,80,2
729,647,520,75,5
730,168,338,90,2
731,547,688,55,35
732,218,157,100,19
733,97,81,95,35
734,707,551,50,21
735,103,279,60,22
736,653,678,65,32
737,246,71,65,14
738,566,677,100,32
739,234,453,85,32
740,406,221,65,8
741,716,699,60,26
742,825,715,90,42
743,367,243,100,36
744,82,204,55,11
745,673,782,100,10
746,655,747,90,11
747,656,603,55,32
748,594,566,90,6
749,292,390,95,12
750,390,506,65,42
751,788,677,80,42
752,909,952,75,16
753,453,301,70,28
754,282,255,50,50
755,243,82,80,4
756,913,846,75,27
757,284,168,50,14
758,349,316,100,48
759,536,550,75,27
760,984,983,85,40
761,101,191,65,49
762,598,624,60,32
763,254,380,95,34
764,688,740,80,43
765,619,795,100,12
766,690,829,65,40
767,8,152,90,20
768,813,774,85,6
769,566,737,80,40
770,284,289,50,28
771,900,729,55,37
772,313,308,55,47
773,891,755,60,43
774,756,604,50,25
775,641,715,70,27
776,52,61,70,31
777,875,815,100,23
778,182,74,70,36
779,660,635,95,22
780,47,61,70,32
781,554,460,90,33
782,372,241,80,50
783,787,719,95,46
784,235,349,90,45
785,493,609,95,40
786,948,748,100,38
787,251,297,60,32
788,107,191,75,7
789,846,858,85,23
790,123,37,90,35
791,611,635,95,42
792,332,512,55,18
793,581,784,100,19
794,913,778,70,20
795,653,485,95,34
796,876,788,65,22
797,469,390,75,17
798,827,705,95,14
799,229,235,75,21
800,182,197,65,23
801,465,422,90,45
802,277,113,80,19
803,983,799,70,40
804,277,379,80,44
805,487,342,100,14
806,700,552,95,10
807,676,788,70,14
808,75,274,100,45
809,729,642,75,47
810,722,760,90,37
811,963,895,75,15
812,594,602,85,39
813,611,655,90,13
814,932,978,55,48
815,854,724,70,42
816,320,117,65,15
817,907,784,95,42
818,147,221,75,13
819,225,316,100,33
820,546,660,75,17
821,969,984,80,32
822,675,782,70,38
823,463,301,85,36
824,990,973,75,11
825,726,685,70,40
826,482,664,55,18
827,850,858,55,26
828,308,363,90,27
829,750,882,50,6
830,676,736,65,18
831,822,748,85,31
832,635,717,90,39
833,673,556,70,34
834,63,224,95,28
835,995,954,65,19
836,949,959,50,29
837,439,217,100,33
838,973,948,95,8
839,750,768,85,29
840,229,430,80,22
841,111,16,55,10
842,388,221,60,9
843,652,600,75,50
844,239,40,50,4
845,979,998,55,19
846,499,614,55,37
847,153,197,90,19
848,765,832,60,8
849,430,349,100,29
850,147,4,65,4
851,700,554,100,38
852,153,358,50,2
853,968,983,55,23
854,746,591,95,48
855,737,672,70,20
856,651,559,80,17
857,474,605,65,16
858,10,147,95,40
859,719,744,95,50
860,862,854,70,37
861,831,813,75,17
862,289,209,60,3
863,854,692,90,39
864,485,585,75,50
865,205,380,65,12
866,845,873,80,15
867,320,96,90,41
868,655,697,50,12
869,862,706,55,38
870,905,890,95,19
871,209,134,85,9
872,759,592,55,17
873,756,673,80,16
874,862,907,65,31
875,95,66,95,12
876,850,928,60,16
877,205,372,70,8
878,338,136,50,17
879,277,169,100,21
880,304,270,80,39
881,205,59,95,26
882,485,433,85,15
883,972,907,65,8
884,778,864,55,28
885,489,400,85,30
886,983,838,60,49
887,604,567,80,41
888,275,76,80,3
889,123,166,90,50
890,845,677,70,15
891,446,567,100,33
892,95,119,80,35
893,171,210,75,22
894,717,656,50,33
895,49,217,90,41
896,891,964,80,30
897,932,792,95,15
898,316,221,75,11
899,605,501,55,40
900,678,734,100,26
901,624,660,60,27
902,556,686,65,15
903,241,70,75,24
904,736,870,80,19
905,216,320,65,47
906,270,107,70,16
907,870,718,80,40
908,559,624,85,3
909,888,990,100,38
910,827,882,65,43
911,856,731,55,30
912,518,581,50,26
913,581,656,95,24
914,279,218,75,26
915,585,430,50,33
916,722,536,80,48
917,835,637,85,29
918,268,421,55,29
919,705,686,70,24
920,430,216,65,19
921,236,166,75,18
922,13,61,85,12
923,833,622,60,16
924,710,620,95,43
925,104,205,90,40
926,547,635,90,14
927,215,128,50,26
928,809,664,75,5
929,724,650,65,7
930,635,604,60,7
931,568,546,95,46
932,229,76,90,5
933,322,188,70,7
934,485,421,90,18
935,76,253,85,11
936,134,61,70,11
937,716,707,80,19
938,570,594,60,16
939,183,152,80,21
940,218,316,60,35
941,66,9,55,16
942,352,320,55,41
943,653,556,50,38
944,41,60,100,49
945,113,218,60,20
946,797,609,90,32
947,22,134,80,12
948,460,522,65,3
949,858,780,65,40
950,249,90,55,6
951,104,215,55,19
952,699,673,60,36
953,520,564,55,31
954,423,550,90,50
955,570,605,75,48
956,795,956,60,11
957,731,690,90,13
958,866,955,65,2
959,447,269,75,12
960,480,297,70,34
961,279,131,50,34
962,110,304,90,5
963,828,693,80,10
964,804,858,60,5
965,541,701,85,11
966,104,101,60,17
967,277,324,95,25
968,112,292,95,19
969,515,554,85,17
970,406,544,85,13
971,129,324,55,47
972,363,390,65,12
973,352,289,100,40
974,112,272,50,6
975,868,785,80,10
976,226,66,50,20
977,716,784,85,35
978,359,441,85,45
979,380,197,80,37
980,795,906,90,48
981,949,890,80,35
982,559,716,85,43
983,737,854,90,24
984,717,647,95,38
985,392,400,80,50
986,118,124,70,35
987,493,438,80,12
988,270,345,90,33
989,610,635,60,4
990,746,855,65,6
991,786,882,95,25
992,553,551,70,9
993,589,697,95,28
994,363,270,80,26
995,676,780,70,25
996,45,170,50,22
997,454,442,85,14
998,675,482,50,15
999,835,734,80,42
1000,722,644,60,30
1001,94,46,95,50
1002,10,164,60,43
1003,506,454,70,27
1004,952,979,65,11
1005,76,245,50,16
1006,858,965,85,18
1007,332,306,85,27
1008,26,96,85,47
1009,647,700,85,25
1010,105,293,65,31
1011,656,594,60,28
1012,602,480,50,17
1013,530,421,60,42
1014,926,876,55,20
1015,617,599,75,5
1016,568,670,75,31
1017,82,205,80,43
1018,920,905,80,6
1019,566,547,95,20
1020,421,463,75,34
1021,900,784,90,32
1022,411,308,50,32
1023,868,752,55,24
1024,28,223,75,14
1025,827,799,70,34
1026,247,162,60,2
1027,550,527,55,11
1028,59,72,90,19
1029,624,594,50,3
1030,568,672,90,15
1031,166,110,100,35
1032,231,83,75,3
1033,272,271,85,27
1034,972,971,75,41
1035,110,236,85,24
1036,660,664,95,22
1037,895,765,70,25
1038,785,697,50,35
1039,229,400,95,9
1040,965,920,85,50
1041,736,676,85,29
1042,822,975,90,4
1043,614,593,100,37
1044,827,782,95,34
1045,644,726,55,11
1046,981,888,80,23
1047,131,315,100,47
1048,816,830,85,48
1049,123,221,100,19
1050,956,823,60,11
1051,964,855,65,7
1052,109,117,95,26
1053,566,556,70,27
1054,40,209,65,4
1055,234,100,50,21
1056,799,701,50,10
1057,162,10,65,28
1058,90,46,95,14
1059,182,206,80,11
1060,619,589,80,37
1061,898,735,95,18
1062,453,395,65,2
1063,304,322,55,12
1064,668,740,50,18
1065,197,289,85,6
1066,822,688,65,31
1067,269,82,60,45
1068,320,113,85,9
1069,795,697,55,44
1070,277,244,85,23
1071,554,446,95,48
1072,129,247,75,32
1073,934,965,70,38
1074,949,832,90,37
1075,138,160,75,42
1076,519,413,100,22
1077,152,254,90,11
1078,697,754,100,45
1079,769,877,95,35
1080,345,210,100,19
1081,219,389,95,17
1082,630,552,65,3
1083,316,82,80,32
1084,41,191,70,23
1085,411,255,90,21
1086,274,380,85,48
1087,822,781,80,5
1088,268,383,95,21
1089,454,279,70,8
1090,550,469,60,37
1091,463,301,65,16
1092,685,832,65,31
1093,26,73,60,8
1094,686,813,90,34
1095,838,947,75,28
1096,166,112,80,28
1097,650,838,95,23
1098,406,520,70,7
1099,99,270,65,12
1100,846,828,95,32
1101,439,352,100,6
1102,784,854,75,5
1103,813,686,80,27
1104,78,168,80,11
1105,465,530,80,32
1106,131,216,50,23
1107,602,600,75,9
1108,544,635,70,17
1109,229,236,85,33
1110,666,700,80,39
1111,289,430,65,27
1112,223,103,80,17
1113,763,838,70,17
1114,169,28,95,12
1115,737,799,75,12
1116,825,664,95,22
1117,144,134,95,26
1118,673,515,55,8
1119,729,593,55,7
1120,685,687,50,11
1121,7,167,90,29
1122,117,104,85,7
1123,224,332,100,11
1124,487,515,50,2
1125,224,72,85,13
1126,341,157,50,10
1127,952,963,70,25
1128,718,815,100,45
1129,244,118,75,44
1130,568,604,95,7
1131,234,383,50,12
1132,306,221,70,23
1133,258,389,55,4
1134,726,697,95,7
1135,697,699,50,41
1136,270,168,50,14
1137,472,536,60,27
1138,243,282,85,8
1139,795,652,70,39
1140,668,706,70,41
1141,905,830,90,6
1142,37,113,95,20
1143,347,379,60,6
1144,171,215,85,40
1145,113,347,70,12
1146,637,816,100,46
1147,647,760,90,8
1148,747,804,85,40
1149,159,1,65,46
1150,119,59,70,4
1151,809,981,80,23
1152,829,969,100,12
1153,521,697,85,30
1154,96,349,75,34
1155,891,734,70,20
1156,465,621,100,47
1157,797,737,80,28
1158,88,256,65,21
1159,931,989,100,22
1160,760,668,65,17
1161,226,268,85,11
1162,978,891,60,4
1163,530,368,55,5
1164,717,598,95,9
1165,348,349,60,8
1166,184,315,85,10
1167,605,541,60,48
1168,678,647,55,20
1169,589,650,75,46
1170,342,241,75,39
1171,981,999,65,47
1172,408,472,85,29
1173,781,875,80,9
1174,984,926,100,44
1175,610,480,100,37
1176,780,828,95,21
1177,907,792,65,32
1178,374,389,100,4
1179,815,954,75,12
1180,734,780,80,14
1181,244,132,75,6
1182,16,244,50,4
1183,891,975,70,26
1184,825,991,60,33
1185,687,774,85,44
1186,812,815,80,47
1187,408,332,75,30
1188,784,593,60,22
1189,697,602,80,44
1190,952,926,75,50
1191,206,286,95,46
1192,868,948,60,2
1193,164,216,60,18
1194,123,37,80,7
1195,718,778,85,23
1196,947,1000,60,4
1197,217,339,60,17
1198,131,70,90,40
1199,856,752,85,19
1200,277,441,65,48
1201,469,421,60,28
1202,231,160,50,2
1203,726,787,100,25
1204,159,82,75,41
1205,268,347,75,23
1206,234,465,50,8
1207,111,118,85,34
1208,225,226,65,15
1209,736,657,60,23
1210,519,699,100,44
1211,677,617,90,19
1212,224,243,90,27
1213,568,454,90,39
1214,339,249,95,41
1215,948,932,65,29
1216,900,756,50,31
1217,12,9,95,37
1218,785,589,70,36
1219,557,697,85,4
1220,821,974,70,23
1221,518,388,50,28
1222,417,592,95,42
1223,984,995,55,32
1224,785,888,80,31
1225,442,307,95,38
1226,860,855,65,22
1227,188,219,95,16
1228,876,767,85,18
1229,423,498,70,43
1230,755,664,50,16
1231,236,284,100,39
1232,159,166,70,27
1233,348,345,70,2
1234,620,706,90,16
1235,101,96,50,16
1236,725,530,85,17
1237,219,81,80,2
1238,553,657,80,5
1239,453,518,55,19
1240,785,663,90,36
1241,567,421,80,3
1242,411,434,90,48
1243,860,702,100,21
1244,275,380,95,44
1245,236,45,50,33
1246,568,760,95,15
1247,895,937,90,44
1248,363,324,90,20
1249,217,53,55,17
1250,570,520,80,37
1251,103,220,75,13
1252,657,754,90,43
1253,768,939,65,2
1254,952,848,100,29
1255,520,584,55,23
1256,706,556,100,17
1257,581,389,85,3
1258,657,826,55,10
1259,112,96,70,12
1260,706,716,100,20
1261,784,685,100,18
1262,670,719,80,12
1263,973,948,80,15
1264,315,251,60,25
1265,664,780,55,50
1266,493,422,70,21
1267,33,103,90,46
1268,787,716,90,42
1269,109,12,55,6
1270,3,183,60,9
1271,700,603,50,17
1272,754,650,55,50
1273,542,685,70,13
1274,823,659,55,50
1275,685,687,85,23
1276,498,422,55,34
1277,306,195,90,31
1278,26,217,90,9
1279,948,797,85,44
1280,754,891,95,19
1281,391,228,55,24
1282,828,816,55,24
1283,275,438,60,26
1284,60,13,65,36
1285,446,585,70,48
1286,58,268,50,41
1287,46,90,55,6
1288,785,827,60,11
1289,551,474,75,12
1290,571,630,90,46
1291,22,61,90,14
1292,282,322,85,50
1293,221,109,100,24
1294,989,846,50,23
1295,422,465,80,50
1296,622,506,80,8
1297,499,422,90,27
1298,832,854,65,12
1299,786,736,65,41
1300,624,571,100,32
1301,47,10,95,49
1302,726,845,55,49
1303,706,760,65,44
1304,885,949,85,37
1305,785,956,85,26
1306,144,94,75,43
1307,195,134,75,14
1308,406,320,50,4
1309,855,885,85,14
1310,389,579,50,38
1311,630,544,75,3
1312,434,392,100,25
1313,530,542,100,23
1314,928,748,80,49
1315,692,603,50,22
1316,129,94,85,7
1317,304,282,60,8
1318,176,162,95,35
1319,68,167,90,9
1320,527,581,95,10
1321,924,964,85,33
1322,176,166,90,37
1323,147,88,75,9
1324,651,710,95,4
1325,717,571,100,22
1326,310,95,65,21
1327,379,333,90,29
1328,949,909,70,4
1329,274,371,55,5
1330,301,131,70,44
1331,83,94,60,46
1332,76,206,70,26
1333,223,297,60,19
1334,987,995,75,28
1335,310,411,55,35
1336,256,345,75,6
1337,88,84,85,21
1338,471,567,70,28
1339,195,243,50,3
1340,948,858,70,22
1341,993,831,60,47
1342,231,206,55,10
1343,952,854,90,40
1344,826,909,95,8
1345,1000,978,75,9
1346,920,829,55,18
1347,826,792,75,22
1348,515,323,55,13
1349,846,826,95,15
1350,520,390,95,7
1351,541,527,65,5
1352,734,559,70,21
1353,735,885,90,50
1354,842,854,90,7
1355,90,33,90,38
1356,726,739,90,21
1357,622,563,90,44
1358,512,527,70,8
1359,99,205,80,50
1360,564,602,50,21
1361,585,809,80,7
1362,142,106,100,23
1363,900,835,70,49
1364,217,47,50,10
1365,978,850,55,8
1366,282,304,95,2
1367,423,320,55,32
1368,434,439,50,32
1369,501,358,75,27
1370,552,670,90,8
1371,446,474,70,12
1372,544,718,95,37
1373,635,594,65,7
1374,855,850,75,12
1375,512,322,60,43
1376,647,759,95,46
1377,390,272,55,42
1378,218,128,50,32
1379,556,519,65,48
1380,164,352,60,12
1381,339,170,100,34
1382,43,216,65,28
1383,229,471,50,45
1384,806,983,90,19
1385,842,854,95,48
1386,234,256,65,33
1387,471,324,90,17
1388,699,589,50,29
1389,660,619,65,41
1390,333,454,100,26
1391,809,643,65,35
1392,621,659,70,24
1393,99,239,60,27
1394,395,422,95,28
1395,99,210,95,20
1396,16,72,70,17
1397,59,61,95,9
1398,128,206,80,18
1399,702,774,100,40
1400,441,315,85,2
1401,123,215,55,27
1402,825,906,95,14
1403,339,258,70,46
1404,563,406,60,38
1405,134,110,60,43
1406,662,650,95,9
1407,73,47,100,17
1408,873,900,60,47
1409,124,162,50,16
1410,153,105,65,49
1411,113,191,50,48
1412,226,219,55,45
1413,272,157,80,10
1414,345,236,65,19
1415,111,81,55,38
1416,465,453,50,43
1417,188,59,65,47
1418,479,275,55,46
1419,389,348,50,28
1420,229,422,55,23
1421,341,152,65,30
1422,821,826,60,11
1423,41,111,100,9
1424,621,489,75,22
1425,220,383,80,26
1426,860,990,100,35
1427,97,118,100,19
1428,466,546,85,44
1429,59,169,65,42
1430,519,651,60,15
1431,94,244,80,24
1432,956,835,65,44
1433,585,729,100,17
1434,747,932,85,33
1435,184,84,70,29
1436,520,655,50,18
1437,755,603,50,29
1438,598,760,85,12
1439,439,389,50,5
1440,469,307,85,35
1441,40,223,70,15
1442,736,900,80,9
1443,168,123,70,11
1444,778,767,70,19
1445,643,519,60,29
1446,206,138,50,32
1447,59,97,90,6
1448,973,920,95,31
1449,782,690,75,21
1450,909,826,100,16
1451,182,308,85,14
1452,809,799,70,32
1453,341,251,80,19
1454,49,70,60,32
1455,781,637,65,30
1456,781,592,60,3
1457,715,622,65,43
1458,575,527,85,26
1459,81,245,65,37
1460,850,785,90,43
1461,206,183,60,9
1462,274,136,70,48
1463,735,842,75,35
1464,188,371,70,46
1465,702,700,55,19
1466,724,822,100,35
1467,593,734,70,49
1468,58,205,80,3
1469,144,184,55,38
1470,821,973,55,17
1471,379,353,70,18
1472,856,759,65,50
1473,518,411,100,37
1474,888,987,95,38
1475,663,556,90,13
1476,737,870,100,33
1477,672,726,90,2
1478,822,746,60,3
1479,804,868,75,46
1480,134,153,90,28
1481,225,162,95,23
1482,718,598,50,32
1483,333,449,65,13
1484,659,557,55,48
1485,205,147,70,48
1486,656,722,80,18
1487,391,316,70,39
1488,568,447,65,42
1489,898,924,80,44
1490,786,718,95,38
1491,717,705,95,24
1492,799,795,55,26
1493,934,873,85,41
1494,566,624,65,17
1495,752,644,75,4
1496,906,735,75,24
1497,862,678,85,50
1498,774,604,65,36
1499,205,83,75,33
1500,724,605,65,29
1501,60,84,90,3
1502,348,485,55,8
1503,541,644,95,10
1504,297,215,65,28
1505,895,885,50,15
1506,99,143,85,28
1507,268,74,90,49
1508,184,313,55,8
1509,315,342,100,37
1510,815,731,85,47
1511,75,239,60,16
1512,138,162,65,15
1513,781,924,75,8
1514,111,41,50,18
1515,710,690,50,39
1516,868,750,80,9
1517,224,220,70,43
1518,952,942,95,30
1519,253,132,65,7
1520,905,734,75,17
1521,160,191,95,9
1522,729,850,55,18
1523,781,835,95,36
1524,157,88,100,50
1525,498,479,65,4
1526,677,498,85,46
1527,784,713,70,36
1528,160,271,60,44
1529,984,735,50,33
1530,234,446,65,28
1531,244,162,75,8
1532,888,746,55,34
1533,611,591,95,16
1534,46,197,95,19
1535,297,134,50,29
1536,371,465,75,24
1537,204,166,85,37
1538,241,135,60,3
1539,763,718,55,42
1540,845,864,95,3
1541,677,527,100,19
1542,666,752,65,13
1543,97,289,60,16
1544,868,799,50,48
1545,989,993,60,14
1546,221,135,65,14
1547,301,471,60,20
1548,968,835,85,5
1549,868,710,100,30
1550,241,256,65,41
1551,939,767,60,4
1552,304,413,55,48
1553,848,763,65,25
1554,195,188,100,50
1555,687,655,70,45
1556,854,978,80,11
1557,272,411,55,12
1558,663,604,85,26
1559,124,244,50,12
1560,697,821,75,4
1561,395,423,90,13
1562,989,867,100,28
1563,61,43,55,7
1564,103,310,60,15
1565,61,105,55,11
1566,589,713,80,8
1567,99,197,80,16
1568,147,216,60,19
1569,827,804,90,47
1570,577,579,90,45
1571,882,848,90,39
1572,515,433,95,23
1573,735,598,85,12
1574,96,10,95,36
1575,664,746,100,38
1576,221,247,65,30
1577,391,423,80,13
1578,142,75,95,30
1579,959,883,70,22
1580,111,22,70,40
1581,624,767,65,48
1582,31,129,50,14
1583,737,806,80,20
1584,390,568,80,36
1585,176,113,85,7
1586,271,143,95,9
1587,244,49,60,5
1588,417,235,65,49
1589,888,829,90,9
1590,441,395,90,32
1591,70,247,80,43
1592,367,466,95,47
1593,513,465,60,5
1594,673,670,90,13
1595,256,279,90,16
1596,223,322,60,17
1597,866,815,50,34
1598,971,806,95,36
1599,210,400,55,17
1600,744,647,90,37
1601,826,660,55,23
1602,485,566,90,36
1603,221,310,55,18
1604,890,905,70,23
1605,692,563,90,10
1606,142,159,60,4
1607,554,515,80,33
1608,170,225,65,10
1609,205,277,65,46
1610,697,551,100,7
1611,643,498,90,11
1612,460,622,95,30
1613,619,567,55,29
1614,272,135,100,36
1615,258,413,55,49
1616,195,388,75,31
1617,254,390,60,45
1618,806,713,70,23
1619,598,725,50,4
1620,460,391,50,3
1621,594,479,100,46
1622,778,593,50,48
1623,417,279,50,7
1624,206,271,75,12
1625,676,643,100,39
1626,307,247,55,7
1627,955,882,65,32
1628,816,1000,55,30
1629,160,168,90,43
1630,589,675,75,5
1631,725,552,100,49
1632,931,815,95,3
1633,570,602,60,24
1634,746,898,75,26
1635,650,480,100,9
1636,231,306,90,43
1637,655,673,70,50
1638,284,272,70,18
1639,781,718,60,7
1640,774,784,90,11
1641,909,1000,95,44
1642,909,809,95,36
1643,729,547,85,20
1644,622,634,85,35
1645,128,301,55,11
1646,37,206,60,50
1647,493,372,70,34
1648,928,850,95,4
1649,383,284,75,26
1650,71,131,85,4
1651,551,556,90,29
1652,413,422,85,3
1653,1,188,50,40
1654,651,498,50,2
1655,88,4,100,18
1656,831,656,65,26
1657,167,1,75,42
1658,864,784,75,7
1659,788,619,75,48
1660,675,785,90,19
1661,117,223,90,11
1662,826,907,80,26
1663,236,152,95,9
1664,251,170,65,28
1665,697,553,60,19
1666,358,270,90,16
1667,975,876,75,25
1668,430,256,100,5
1669,707,715,75,21
1670,778,780,60,38
1671,275,143,80,48
1672,609,619,50,37
1673,593,722,50,42
1674,657,635,85,5
1675,651,630,80,15
1676,8,46,65,28
1677,688,536,95,41
1678,97,123,90,31
1679,352,480,95,24
1680,734,668,50,41
1681,736,871,100,35
1682,973,827,60,10
1683,622,598,55,5
1684,73,269,70,5
1685,909,898,55,27
1686,94,117,70,35
1687,831,816,55,37
1688,209,20,90,49
1689,512,611,50,18
1690,890,991,100,48
1691,363,513,70,43
1692,293,223,60,37
1693,651,506,85,33
1694,100,159,65,35
1695,474,610,65,26
1696,993,825,65,35
1697,489,408,100,6
1698,906,981,80,19
1699,338,374,65,11
1700,324,270,100,6
1701,308,157,60,46
1702,858,891,80,41
1703,246,285,100,20
1704,320,341,60,35
1705,868,883,95,43
1706,70,135,100,44
1707,706,554,70,28
1708,829,710,70,12
1709,724,825,50,17
1710,96,169,80,50
1711,812,652,60,25
1712,115,347,90,29
1713,489,392,65,8
1714,308,320,70,18
1715,434,372,55,31
1716,306,209,50,26
1717,724,858,70,42
1718,858,785,80,12
1719,471,485,75,50
1720,499,409,75,50
1721,641,666,70,4
1722,216,129,60,27
1723,975,981,65,48
1724,439,556,100,25
1725,368,256,75,36
1726,304,118,100,13
1727,37,78,70,14
1728,882,832,50,44
1729,88,13,55,32
1730,191,239,80,21
1731,547,635,80,19
1732,752,887,70,34
1733,269,453,95,35
1734,61,197,90,3
1735,731,752,65,48
1736,920,905,55,25
1737,58,59,65,37
1738,243,81,90,35
1739,143,104,60,19
1740,226,9,75,48
1741,690,630,60,31
1742,226,379,95,46
1743,664,614,50,45
1744,954,854,75,4
1745,643,748,70,45
1746,621,747,100,5
1747,56,104,70,17
1748,556,657,65,15
1749,224,301,65,50
1750,924,932,75,14
1751,206,164,90,18
1752,965,848,95,22
1753,171,56,55,27
1754,635,519,65,11
1755,469,622,55,7
1756,236,88,55,47
1757,651,521,95,31
1758,832,924,90,31
1759,913,942,55,36
1760,577,598,50,40
1761,258,166,65,17
1762,26,220,95,7
1763,333,215,100,45
1764,45,73,65,33
1765,734,687,65,10
1766,619,713,80,43
1767,197,159,75,16
1768,209,338,50,28
1769,701,541,50,48
1770,972,955,55,7
1771,234,400,95,50
1772,423,518,90,33
1773,152,210,75,26
1774,498,518,55,31
1775,875,955,90,28
1776,333,191,90,48
1777,247,56,90,2
1778,864,854,50,13
1779,441,474,65,3
1780,891,856,50,39
1781,372,371,55,23
1782,999,850,80,9
1783,672,664,90,10
1784,487,546,95,35
1785,678,663,50,17
1786,97,99,80,23
1787,974,949,85,42
1788,479,541,85,18
1789,279,132,70,40
1790,241,332,55,48
1791,959,809,80,2
1792,417,316,95,45
1793,170,123,65,27
1794,33,1,75,41
1795,867,744,75,10
1796,750,688,50,6
1797,795,715,70,40
1798,765,787,55,9
1799,755,867,90,42
1800,792,673,95,20
1801,786,657,55,36
1802,718,676,70,16
1803,913,829,65,27
1804,765,614,90,32
1805,536,672,75,3
1806,924,873,95,10
1807,159,164,80,14
1808,611,584,60,48
1809,347,228,60,15
1810,769,589,95,40
1811,204,353,90,11
1812,900,948,55,17
1813,673,604,85,19
1814,644,611,75,23
1815,271,243,80,6
1816,675,786,55,18
1817,570,544,50,46
1818,659,734,70,10
1819,552,750,90,36
1820,380,441,80,49
1821,349,164,50,25
1822,778,868,100,3
1823,619,556,75,17
1824,541,542,85,27
1825,693,552,80,29
1826,380,226,50,35
1827,759,786,55,9
1828,947,964,60,29
1829,546,409,50,4
1830,485,566,65,5
1831,926,888,90,15
1832,209,28,75,26
1833,816,876,80,40
1834,967,998,55,50
1835,792,784,50,26
1836,792,864,60,45
1837,128,246,85,6
1838,33,169,75,49
1839,647,598,65,8
1840,914,1000,60,15
1841,47,26,70,23
1842,981,848,75,5
1843,630,591,80,34
1844,395,304,90,13
1845,867,906,80,38
1846,827,882,55,33
1847,715,875,100,33
1848,978,866,80,50
1849,293,400,90,43
1850,408,349,60,41
1851,928,828,65,35
1852,781,687,70,20
1853,887,699,50,9
1854,520,592,65,21
1855,614,657,90,2
1856,480,567,90,30
1857,882,866,65,23
1858,724,589,70,17
1859,383,379,85,44
1860,297,292,90,49
1861,241,43,90,10
1862,883,908,80,4
1863,611,460,65,16
1864,932,965,100,25
1865,760,895,95,48
1866,512,383,55,5
1867,650,644,55,44
1868,821,909,75,30
1869,320,239,50,40
1870,363,409,50,34
1871,845,754,75,38
1872,593,676,95,47
1873,169,131,55,20
1874,763,799,70,38
1875,465,320,60,3
1876,16,235,85,18
1877,604,662,95,12
1878,675,785,80,50
1879,134,68,95,47
1880,622,660,95,41
1881,209,68,100,28
1882,49,132,95,38
1883,850,739,80,44
1884,512,699,70,37
1885,701,816,100,40
1886,73,52,95,49
1887,833,778,100,45
1888,860,913,85,7
1889,855,885,90,20
1890,782,662,60,36
1891,598,672,75,39
1892,725,784,80,42
1893,778,827,95,17
1894,9,60,60,23
1895,236,245,95,8
1896,176,81,70,3
1897,223,245,90,21
1898,952,939,95,41
1899,239,274,65,13
1900,45,106,65,8
1901,460,598,60,16
1902,577,550,70,11
1903,182,63,80,27
1904,624,756,95,37
1905,620,700,50,28
1906,374,400,95,46
1907,991,973,50,37
1908,143,8,85,11
1909,660,610,80,42
1910,991,998,55,31
1911,489,622,80,3
1912,421,374,100,30
1913,408,368,60,49
1914,797,619,65,21
1915,642,506,90,48
1916,550,487,65,35
1917,850,688,95,16
1918,673,763,75,44
1919,220,191,100,40
1920,959,845,75,43
1921,827,740,65,35
1922,522,717,60,44
1923,686,797,90,50
1924,332,380,50,20
1925,43,216,50,24
1926,100,183,80,44
1927,315,236,55,11
1928,219,293,95,41
1929,984,748,80,23
1930,641,594,50,37
1931,479,390,60,27
1932,928,971,95,50
1933,306,471,75,36
1934,885,806,100,11
1935,40,109,80,44
1936,739,622,70,7
1937,470,592,90,26
1938,825,731,95,26
1939,991,854,75,28
1940,898,959,100,6
1941,778,870,65,2
1942,579,568,90,32
1943,860,845,80,8
1944,519,487,100,45
1945,870,972,60,14
1946,320,463,90,22
1947,433,501,95,23
1948,45,4,55,18
1949,88,94,65,19
1950,822,932,80,36
1951,60,129,60,17
1952,219,284,95,21
1953,501,301,90,19
1954,320,219,100,4
1955,136,53,50,12
1956,666,513,85,50
1957,581,688,65,2
1958,860,993,50,44
1959,609,442,90,29
1960,345,332,95,27
1961,304,460,80,6
1962,96,129,50,9
1963,544,485,80,34
1964,693,556,65,6
1965,759,774,55,44
1966,635,731,65,41
1967,95,223,75,3
1968,466,624,50,6
1969,530,557,80,35
1970,885,887,50,41
1971,600,660,100,19
1972,763,736,55,20
1973,188,41,100,40
1974,947,782,55,49
1975,56,66,75,5
1976,512,604,85,28
1977,463,379,60,42
1978,506,700,90,14
1979,347,498,95,30
1980,400,245,100,28
1981,527,651,100,11
1982,22,46,50,48
1983,167,97,75,16
1984,832,747,100,19
1985,107,41,70,3
1986,744,706,85,30
1987,920,809,85,40
1988,724,718,70,27
1989,700,769,60,5
1990,795,722,85,10
1991,284,110,80,50
1992,197,215,80,44
1993,90,235,60,40
1994,707,754,60,24
1995,372,544,50,37
1996,379,470,55,49
1997,219,244,85,48
1998,707,577,100,32
1999,693,666,80,5
2000,284,316,60,38
2001,342,226,95,6
2002,619,710,70,3
2003,584,449,80,35
2004,963,748,100,36
2005,236,169,70,6
2006,825,972,65,14
2007,153,160,65,31
2008,471,469,65,7
2009,635,506,60,22
2010,812,821,75,47
2011,774,729,60,14
2012,544,622,75,27
2013,877,788,55,31
2014,726,630,90,7
2015,551,400,85,2
2016,142,52,65,12
2017,408,322,100,8
2018,471,647,55,40
2019,268,333,60,2
2020,284,152,80,9
2021,792,650,65,50
2022,406,342,80,17
2023,164,107,90,44
2024,854,835,75,10
2025,184,216,85,33
2026,544,438,90,38
2027,905,973,75,26
2028,95,138,55,14
2029,792,692,65,30
2030,217,124,55,44
2031,241,310,90,20
2032,245,204,70,18
2033,374,256,95,5
2034,668,850,60,39
2035,700,913,75,5
2036,135,110,60,27
2037,243,245,70,34
2038,690,717,50,8
2039,111,49,80,19
2040,453,584,70,5
2041,301,217,65,30
2042,788,855,65,45
2043,446,482,70,8
2044,822,979,80,32
2045,575,641,90,8
2046,101,217,60,31
2047,968,809,85,44
2048,341,498,90,12
2049,942,989,60,6
2050,228,46,50,12
2051,293,380,100,7
2052,975,928,85,39
2053,920,983,90,13
2054,251,170,55,42
2055,717,547,65,18
2056,489,544,90,28
2057,584,670,60,38
2058,400,338,90,23
2059,744,617,85,48
2060,657,566,100,40
2061,338,441,85,16
2062,422,395,80,16
2063,602,563,90,17
2064,73,20,55,34
2065,518,388,60,36
2066,832,786,100,22
2067,501,272,80,3
2068,367,438,75,16
2069,82,94,95,50
2070,722,768,85,49
2071,493,564,50,33
2072,358,246,95,36
2073,31,170,100,29
2074,217,297,80,45
2075,43,184,55,31
2076,707,546,85,46
2077,221,74,50,27
2078,979,846,85,17
2079,254,107,80,35
2080,512,585,60,2
2081,363,547,75,50
2082,860,710,50,26
2083,651,799,90,11
2084,782,589,55,44
2085,570,471,60,13
2086,479,341,65,42
2087,359,368,75,22
2088,279,157,100,12
2089,72,90,55,27
2090,164,129,100,44
2091,716,830,75,2
2092,358,249,75,36
2093,46,28,85,8
2094,272,157,100,18
2095,527,359,80,38
2096,221,109,60,48
2097,411,465,55,35
2098,308,342,100,13
2099,693,822,55,38
2100,737,858,60,22
2101,182,142,95,27
2102,118,169,85,50
2103,788,828,95,4
2104,700,731,90,39
2105,737,622,90,45
2106,160,268,70,17
2107,544,557,80,41
2108,788,706,95,36
2109,221,224,70,36
2110,660,676,50,12
2111,293,277,60,4
2112,826,920,75,4
2113,367,439,95,46
2114,778,862,65,44
2115,782,676,90,29
2116,249,310,95,47
2117,411,363,70,34
2118,164,135,70,43
2119,781,617,60,21
2120,715,799,95,23
2121,599,506,95,34
2122,756,767,90,42
2123,786,744,55,43
2124,809,647,55,20
2125,105,26,75,30
2126,84,63,100,36
2127,815,699,90,31
2128,823,755,50,46
2129,371,243,100,30
2130,653,663,55,24
2131,592,541,60,17
2132,827,876,90,27
2133,707,856,85,26
2134,270,249,85,14
2135,390,256,90,44
2136,854,947,60,3
2137,31,206,95,30
2138,813,898,70,26
2139,134,206,55,41
2140,97,94,55,48
2141,218,131,100,44
2142,981,799,85,33
2143,827,688,95,36
2144,792,763,85,26
2145,315,225,90,11
2146,182,63,95,38
2147,563,566,80,34
2148,153,270,85,47
2149,767,784,60,10
2150,799,821,75,35
2151,752,584,95,14
2152,699,713,85,49
2153,792,830,50,43
2154,409,333,90,22
2155,176,220,100,35
2156,28,105,50,27
2157,293,234,100,13
2158,948,942,100,42
2159,284,131,65,25
2160,530,433,50,46
2161,705,748,70,3
2162,136,277,100,25
2163,206,68,80,26
2164,722,822,95,23
2165,347,413,100,31
2166,3,100,95,4
2167,184,228,50,45
2168,577,653,55,12
2169,205,390,70,36
2170,107,136,60,49
2171,239,124,75,25
2172,678,724,70,18
2173,552,489,60,35
2174,123,269,80,31
2175,981,769,95,27
2176,391,253,65,10
2177,956,877,75,41
2178,169,235,70,13
2179,722,536,100,17
2180,553,551,100,10
2181,705,644,100,36
2182,835,905,95,19
2183,621,499,80,16
2184,371,308,65,36
2185,660,765,95,8
2186,453,409,75,27
2187,191,41,60,18
2188,255,182,55,45
2189,554,624,100,22
2190,480,589,60,36
2191,557,577,75,48
2192,677,598,85,13
2193,221,231,75,26
2194,90,152,60,38
2195,56,68,60,27
2196,795,821,95,16
2197,610,544,65,23
2198,463,353,90,40
2199,268,171,100,25
2200,392,550,55,16
2201,395,333,90,8
2202,675,591,90,47
2203,702,567,80,25
2204,823,877,75,3
2205,634,806,100,33
2206,446,568,90,18
2207,854,842,80,37
2208,215,107,75,3
2209,592,784,95,22
2210,1,119,85,45
2211,221,430,70,18
2212,747,866,65,2
2213,778,657,65,21
2214,306,421,100,41
2215,754,603,55,45
2216,10,183,90,38
2217,786,736,55,9
2218,564,544,85,40
2219,246,304,85,12
2220,422,205,50,14
2221,660,799,90,47
2222,107,297,75,39
2223,673,828,65,19
2224,46,8,50,7
2225,541,433,75,15
2226,748,657,80,21
2227,224,236,55,22
2228,72,45,70,31
2229,956,926,55,22
2230,883,907,75,14
2231,993,995,55,15
2232,855,973,60,25
2233,593,731,95,15
2234,750,906,80,32
2235,887,934,90,8
2236,197,342,65,29
2237,724,643,85,22
2238,188,169,50,3
2239,737,702,95,19
2240,469,489,60,46
2241,142,136,100,8
2242,816,967,70,7
2243,408,249,50,24
2244,236,380,60,31
2245,579,622,80,41
2246,725,651,90,9
2247,117,105,95,35
2248,813,759,85,37
2249,391,372,50,40
2250,160,271,60,50
2251,991,873,85,2
2252,883,855,70,25
2253,797,898,60,17
2254,979,987,90,35
2255,643,651,90,24
2256,719,599,80,12
2257,931,991,60,23
2258,157,68,90,29
2259,942,906,80,5
2260,664,787,75,39
2261,536,670,90,28
2262,756,864,85,36
2263,536,463,85,19
2264,271,218,70,12
2265,676,686,60,33
2266,702,746,75,34
2267,37,105,75,49
2268,685,756,100,19
2269,76,128,90,42
2270,409,485,75,48
2271,797,866,95,29
2272,715,600,75,22
2273,564,449,95,20
2274,359,544,60,34
2275,768,750,60,21
2276,117,119,95,9
2277,752,637,55,46
2278,987,963,80,23
2279,512,662,50,10
2280,363,216,50,4
2281,231,272,50,11
2282,617,792,70,25
2283,593,647,100,16
2284,634,610,95,43
2285,176,255,65,6
2286,463,408,65,10
2287,890,774,100,9
2288,536,489,75,22
2289,176,129,55,15
2290,812,755,50,22
2291,746,838,75,32
2292,556,673,50,35
2293,781,875,65,42
2294,932,942,100,29
2295,101,118,90,49
2296,289,135,60,45
2297,557,556,55,20
2298,247,282,70,20
2299,118,215,90,35
2300,706,718,95,26
2301,521,389,80,39
2302,702,845,95,47
2303,31,147,85,11
2304,673,848,85,46
2305,348,176,65,29
2306,183,353,85,42
2307,269,470,85,48
2308,249,449,70,43
2309,845,888,80,11
2310,460,421,50,10
2311,460,388,75,34
2312,705,677,60,25
2313,236,241,70,15
2314,577,406,55,35
2315,898,759,65,13
2316,115,111,90,8
2317,614,668,60,14
2318,243,204,55,10
2319,53,111,65,40
2320,157,20,60,43
2321,406,471,50,42
2322,570,603,70,41
2323,153,191,55,5
2324,553,725,80,49
2325,687,611,50,7
2326,710,635,90,17
2327,914,854,80,18
2328,544,408,85,12
2329,718,813,65,47
2330,825,842,90,31
2331,75,101,75,3
2332,144,315,90,12
2333,885,782,85,27
2334,460,577,90,47
2335,388,430,55,44
2336,905,890,85,13
2337,460,390,60,24
2338,702,804,85,31
2339,662,551,75,18
2340,219,188,75,37
2341,144,95,100,19
2342,395,171,85,10
2343,577,559,80,11
2344,812,756,95,4
2345,390,229,75,11
2346,690,806,95,7
2347,687,652,90,44
2348,247,167,85,26
2349,358,518,100,37
2350,522,363,65,48
2351,522,442,55,27
2352,142,63,50,37
2353,719,864,60,47
2354,653,734,85,9
2355,544,480,100,32
2356,76,285,60,6
2357,391,380,85,45
2358,838,697,65,14
2359,822,947,85,47
2360,591,685,65,38
2361,182,115,100,39
2362,747,787,60,3
2363,785,584,75,13
2364,823,697,60,11
2365,635,593,95,38
2366,605,768,95,15
2367,971,993,80,12
2368,353,395,55,48
2369,787,657,80,22
2370,870,888,100,39
2371,677,809,55,42
2372,602,784,70,17
2373,446,594,90,37
2374,53,61,60,17
2375,842,734,60,22
2376,254,338,100,25
2377,103,170,65,38
2378,663,726,90,15
2379,737,579,75,37
2380,999,832,70,19
2381,603,676,80,9
2382,939,877,85,48
2383,816,688,100,31
2384,675,641,85,16
2385,333,183,60,27
2386,1,152,70,17
2387,678,813,50,38
2388,411,244,75,18
2389,571,442,70,38
2390,828,830,85,41
2391,7,118,55,13
2392,620,715,85,40
2393,270,352,95,30
2394,729,554,50,13
2395,729,700,95,13
2396,209,406,85,6
2397,217,282,60,5
2398,308,439,75,17
2399,272,107,100,40
2400,542,577,85,50
2401,306,228,90,33
2402,856,752,55,15
2403,359,197,85,47
2404,342,520,75,10
2405,767,846,95,37
2406,286,268,90,17
2407,310,132,60,11
2408,391,519,50,45
2409,332,308,55,10
2410,315,88,75,27
2411,453,388,50,37
2412,832,744,65,13
2413,245,10,50,4
2414,756,759,70,50
2415,433,423,90,33
2416,417,342,95,45
2417,74,205,85,35
2418,647,740,90,34
2419,868,812,95,30
2420,249,117,75,45
2421,731,559,65,46
2422,685,740,75,44
2423,702,552,90,24
2424,719,788,60,17
2425,888,959,100,36
2426,284,106,80,5
2427,81,61,50,14
2428,931,816,50,19
2429,367,342,70,17
2430,142,20,80,43
2431,234,413,55,38
2432,195,111,95,22
2433,664,530,55,31
2434,546,659,55,24
2435,664,760,60,15
2436,883,866,95,7
2437,226,138,50,11
2438,968,812,100,38
2439,129,132,60,48
2440,195,224,95,49
2441,322,352,75,44
2442,599,513,50,7
2443,744,780,70,14
2444,906,967,85,19
2445,123,20,100,49
2446,855,692,90,14
2447,781,692,50,41
2448,913,875,65,2
2449,692,610,95,28
2450,168,106,85,7
2451,845,974,65,45
2452,778,871,95,33
2453,860,858,55,40
2454,88,82,55,11
2455,594,466,80,5
2456,909,964,100,11
2457,84,109,60,9
2458,862,850,65,12
2459,846,676,55,45
2460,604,715,85,28
2461,527,493,85,50
2462,472,315,100,10
2463,634,856,50,9
2464,307,470,95,49
2465,647,609,100,7
2466,245,251,55,9
2467,72,246,80,27
2468,33,131,55,10
2469,668,726,60,4
2470,316,390,55,41
2471,26,28,50,30
2472,469,446,60,48
2473,860,664,75,44
2474,787,700,90,50
2475,143,66,85,17
2476,307,215,65,41
2477,345,358,65,4
2478,767,876,70,38
2479,518,383,65,29
2480,828,868,80,23
2481,823,959,65,36
2482,157,136,50,44
2483,813,873,60,31
2484,183,111,100,44
2485,157,104,70,35
2486,547,546,55,11
2487,474,460,70,13
2488,470,243,55,7
2489,518,604,70,3
2490,37,168,90,45
2491,860,662,80,42
2492,519,423,90,10
2493,888,825,75,2
2494,737,898,95,44
2495,780,887,75,10
2496,785,604,60,40
2497,702,530,70,26
2498,756,673,60,3
2499,693,815,95,14
2500,210,316,75,24
2501,864,854,80,6
2502,332,268,100,2
2503,58,144,65,47
2504,826,987,100,38
2505,832,765,95,24
2506,664,722,60,46
2507,610,662,95,33
2508,228,247,50,8
2509,593,602,65,31
2510,568,519,55,11
2511,571,600,70,14
2512,983,890,80,24
2513,717,556,90,22
2514,269,320,90,25
2515,285,313,80,21
2516,215,204,60,15
2517,111,74,50,18
2518,128,160,55,49
2519,104,56,60,3
2520,244,110,60,32
2521,614,610,50,29
2522,563,522,55,25
2523,82,191,95,12
2524,409,253,85,16
2525,664,512,90,33
2526,785,826,70,5
2527,472,637,60,40
2528,699,520,95,5
2529,544,463,85,48
2530,785,693,55,29
2531,686,724,80,39
2532,993,932,50,28
2533,785,829,65,10
2534,957,850,60,20
2535,26,229,90,43
2536,1000,998,55,23
2537,383,392,75,18
2538,183,99,60,45
2539,96,182,100,43
2540,550,740,50,16
2541,245,372,70,4
2542,408,411,65,5
2543,258,254,55,3
2544,182,310,95,25
2545,169,16,80,33
2546,482,570,95,42
2547,784,862,85,25
2548,848,756,80,21
2549,660,620,95,6
2550,438,544,75,30
2551,82,119,95,45
2552,449,338,75,25
2553,756,882,70,29
2554,536,438,60,17
2555,358,480,70,32
2556,735,799,55,10
2557,716,763,70,31
2558,888,955,80,2
2559,205,353,55,4
2560,987,846,90,5
2561,855,744,55,34
2562,210,215,55,4
2563,786,895,65,3
2564,550,659,80,37
2565,333,434,65,8
2566,282,430,85,27
2567,816,760,70,50
2568,707,541,55,33
2569,413,332,60,29
2570,169,109,90,4
2571,446,255,90,2
2572,95,115,90,8
2573,692,641,100,25
2574,634,559,85,8
2575,134,73,60,39
2576,823,983,50,48
2577,788,750,55,23
2578,219,269,50,31
2579,835,870,55,14
2580,453,617,90,4
2581,584,643,80,30
2582,258,332,55,17
2583,270,348,50,31
2584,687,784,65,23
2585,949,877,55,5
2586,463,433,70,25
2587,453,563,90,19
2588,827,785,85,21
2589,536,482,65,27
2590,219,322,60,9
2591,809,877,65,3
2592,83,275,50,38
2593,359,316,80,13
2594,400,550,75,36
2595,454,610,90,45
2596,320,160,75,30
2597,713,838,80,47
2598,957,786,80,40
2599,460,554,70,33
2600,701,521,50,15
2601,752,668,55,37
2602,103,136,50,23
2603,506,313,65,44
2604,162,97,65,40
2605,854,655,80,12
2606,522,430,85,18
2607,737,544,80,27
2608,898,813,80,11
2609,568,726,55,24
2610,389,368,95,6
2611,183,282,90,17
2612,875,822,60,46
2613,129,94,85,3
2614,890,942,50,5
2615,59,33,70,27
2616,688,552,80,29
2617,932,987,55,21
2618,813,744,75,42
2619,423,342,95,3
2620,556,423,55,9
2621,536,519,50,30
2622,780,813,95,33
2623,515,409,100,31
2624,546,716,55,18
2625,297,97,50,3
2626,168,379,100,18
2627,653,592,95,17
2628,660,541,90,37
2629,465,482,55,47
2630,204,45,95,50
2631,347,243,100,46
2632,191,306,70,38
2633,748,827,50,22
2634,731,668,65,44
2635,3,106,55,22
2636,759,756,60,4
2637,782,621,70,41
2638,16,59,95,34
2639,106,46,50,39
2640,713,875,70,43
2641,310,322,95,33
2642,693,781,80,40
2643,61,103,90,33
2644,806,973,100,16
2645,550,536,100,6
2646,662,594,65,31
2647,768,866,95,30
2648,630,506,100,9
2649,388,195,80,26
2650,624,752,95,37
2651,136,275,70,8
2652,599,769,80,26
2653,482,493,55,11
2654,603,652,65,33
2655,97,320,70,5
2656,594,506,85,32
2657,176,304,95,19
2658,408,301,65,16
2659,388,241,60,50
2660,411,217,75,29
2661,367,297,60,15
2662,109,71,90,44
2663,411,293,95,40
2664,61,74,70,39
2665,123,218,95,9
2666,454,556,95,30
2667,16,215,50,6
2668,806,956,70,12
2669,585,493,80,44
2670,231,413,60,3
2671,297,166,65,31
2672,559,685,50,34
2673,778,672,85,36
2674,550,725,60,8
2675,353,159,55,28
2676,512,371,50,12
2677,389,446,100,44
2678,421,307,100,3
2679,635,731,100,44
2680,258,322,100,18
2681,272,286,55,36
2682,651,480,55,17
2683,551,725,75,45
2684,677,780,95,38
2685,306,434,90,40
2686,717,828,90,39
2687,485,584,85,11
2688,657,489,55,7
2689,826,778,85,3
2690,82,195,90,34
2691,117,205,100,39
2692,867,972,70,44
2693,347,159,90,3
2694,725,692,55,36
2695,110,84,80,18
2696,760,806,70,36
2697,1,59,60,12
2698,159,112,55,30
2699,239,348,75,35
2700,885,735,90,49
2701,301,347,65,38
2702,888,999,85,34
2703,898,983,75,30
2704,110,70,50,36
2705,780,860,60,5
2706,736,747,50,18
2707,78,249,90,4
2708,447,554,80,32
2709,347,138,75,32
2710,131,31,100,7
2711,813,676,60,14
2712,719,739,80,38
2713,760,815,55,21
2714,191,167,95,27
2715,641,831,55,50
2716,501,320,100,44
2717,971,984,55,12
2718,825,656,90,33
2719,170,183,100,39
2720,315,493,70,12
2721,289,315,95,44
2722,792,634,80,37
2723,831,969,90,11
2724,118,153,85,48
2725,224,301,80,39
2726,792,887,100,32
2727,169,323,100,42
2728,688,630,50,19
2729,858,677,50,39
2730,128,47,75,16
2731,480,449,55,18
2732,867,975,55,39
2733,715,642,80,9
2734,241,231,75,29
2735,842,887,50,33
2736,307,332,90,43
2737,322,241,65,13
2738,748,566,85,20
2739,406,215,100,46
2740,341,371,90,37
2741,815,700,65,23
2742,204,162,80,24
2743,797,735,55,31
2744,430,231,95,44
2745,614,554,100,43
2746,353,218,80,13
2747,43,28,70,42
2748,147,106,50,40
2749,501,374,80,46
2750,324,205,100,20
2751,699,609,95,26
2752,41,10,80,36
2753,866,998,65,48
2754,967,964,70,41
2755,598,610,80,3
2756,541,642,70,30
2757,664,647,90,21
2758,191,72,60,6
2759,518,388,85,2
2760,215,166,60,37
2761,324,441,75,8
2762,920,754,80,11
2763,422,359,60,24
2764,530,663,95,50
2765,759,876,65,42
2766,591,430,80,19
2767,621,637,90,36
2768,520,688,60,2
2769,82,315,90,38
2770,4,136,65,19
2771,858,931,90,27
2772,512,624,90,46
2773,168,56,90,16
2774,663,828,95,4
2775,617,647,80,10
2776,184,301,70,27
2777,107,176,85,11
2778,788,643,90,30
2779,191,301,95,38
2780,643,719,55,29
2781,718,823,50,41
2782,251,107,55,7
2783,755,875,70,6
2784,10,111,65,9
2785,368,191,95,50
2786,454,413,65,24
2787,9,60,100,50
2788,218,74,95,42
2789,635,653,60,15
2790,225,241,80,8
2791,788,592,65,15
2792,380,249,85,48
2793,297,37,80,2
2794,781,717,75,13
2795,106,16,65,4
2796,99,306,70,22
2797,724,579,90,34
2798,63,95,55,27
2799,245,110,75,46
2800,518,566,50,12
2801,408,519,75,19
2802,664,634,70,33
2803,585,441,60,18
2804,47,58,55,41
2805,550,693,55,29
2806,390,339,75,43
2807,231,37,50,14
2808,279,383,70,19
2809,614,740,50,38
2810,277,390,80,27
2811,778,815,55,32
2812,998,905,85,49
2813,518,413,55,35
2814,1,197,60,46
2815,717,598,70,40
2816,188,9,90,38
2817,253,258,90,42
2818,672,862,50,36
2819,832,870,90,48
2820,788,963,50,27
2821,736,557,85,37
2822,920,784,60,8
2823,197,10,70,7
2824,716,592,85,19
2825,931,866,80,35
2826,604,619,55,16
2827,470,371,75,41
2828,160,157,60,27
2829,860,740,100,26
2830,12,49,70,36
2831,785,594,80,41
2832,660,835,100,36
2833,182,235,95,17
2834,4,166,95,27
2835,845,725,95,37
2836,715,675,85,21
2837,349,333,90,26
2838,755,937,95,21
2839,408,301,55,22
2840,182,353,75,39
2841,270,129,70,22
2842,883,954,100,5
2843,58,176,55,9
2844,559,556,95,10
2845,13,1,95,45
2846,726,675,60,5
2847,605,592,100,32
2848,900,907,75,17
2849,249,110,80,46
2850,253,353,50,24
2851,677,668,55,6
2852,433,413,85,7
2853,251,183,80,45
2854,438,498,50,16
2855,686,784,95,36
2856,119,68,90,27
2857,515,705,65,28
2858,544,422,75,17
2859,678,512,80,47
2860,513,374,100,10
2861,107,84,55,34
2862,413,216,95,18
2863,434,506,75,25
2864,752,668,95,5
2865,1000,942,80,33
2866,162,82,50,5
2867,956,981,50,40
2868,672,868,100,43
2869,368,460,95,21
2870,547,670,60,21
2871,251,268,90,39
2872,106,142,70,13
2873,380,286,50,20
2874,341,433,80,26
2875,591,518,100,19
2876,585,663,90,41
2877,28,94,80,29
2878,142,282,85,28
2879,739,579,50,22
2880,272,408,80,18
2881,520,449,60,2
2882,579,513,70,22
2883,610,739,80,25
2884,609,530,85,50
2885,756,713,85,23
2886,676,826,90,3
2887,221,359,95,30
2888,635,570,70,22
2889,792,685,65,14
2890,241,112,90,40
2891,171,236,50,29
2892,737,787,60,17
2893,292,143,75,18
2894,883,860,80,26
2895,269,142,60,42
2896,813,765,60,28
2897,792,604,75,46
2898,147,97,70,5
2899,965,829,55,27
2900,465,515,100,23
2901,275,245,95,40
2902,550,637,75,16
2903,249,206,50,2
2904,81,246,100,29
2905,900,828,60,13
2906,209,188,55,13
2907,359,506,60,20
2908,124,88,60,50
2909,581,602,85,29
2910,438,499,85,46
2911,239,144,100,32
2912,554,719,70,27
2913,609,663,60,50
2914,235,322,75,41
2915,307,136,55,26
2916,975,932,50,8
2917,234,249,55,13
2918,109,53,70,47
2919,132,3,55,7
2920,221,258,75,34
2921,487,563,70,36
2922,668,647,90,42
2923,423,520,80,5
2924,135,20,50,50
2925,700,641,90,2
2926,609,622,55,32
2927,271,470,95,35
2928,205,170,80,32
2929,485,433,85,37
2930,501,541,60,14
2931,747,734,55,13
2932,210,159,95,40
2933,544,672,75,30
2934,750,786,50,19
2935,131,68,85,10
2936,685,536,80,18
2937,40,166,60,42
2938,785,622,80,6
2939,746,838,60,48
2940,107,251,55,12
2941,767,887,50,15
2942,947,815,90,18
2943,169,107,65,49
2944,111,123,85,23
2945,41,138,65,29
2946,804,774,75,46
2947,115,88,95,48
2948,52,99,80,50
2949,31,168,90,5
2950,553,556,85,37
2951,258,176,75,42
2952,359,364,60,25
2953,755,598,70,34
2954,243,71,60,21
2955,835,974,60,9
2956,999,955,100,37
2957,686,690,65,34
2958,219,304,75,18
2959,59,144,75,50
2960,292,279,70,5
2961,815,963,50,45
2962,972,846,80,18
2963,184,339,70,43
2964,975,822,75,20
2965,553,547,100,31
2966,550,567,75,49
2967,746,676,60,14
2968,835,920,55,9
2969,277,124,60,14
2970,736,882,60,47
2971,289,367,85,20
2972,383,433,90,41
2973,768,660,85,45
2974,332,388,95,48
2975,104,306,55,30
2976,372,225,85,27
2977,78,97,65,17
2978,352,245,100,20
2979,913,862,100,43
2980,217,279,100,49
2981,205,157,60,33
2982,74,221,60,3
2983,372,251,65,37
2984,56,72,90,26
2985,489,339,100,12
2986,826,710,55,32
2987,909,914,75,47
2988,41,123,50,43
2989,10,118,90,5
2990,216,235,55,40
2991,446,308,80,17
2992,217,219,50,18
2993,204,406,75,47
2994,715,813,100,14
2995,883,913,50,26
2996,390,353,95,16
2997,129,184,75,48
2998,759,835,90,34
2999,506,454,60,19
3000,106,88,95,16
3001,635,792,75,16
3002,651,599,70,2
3003,251,367,50,46
3004,928,964,100,49
3005,234,236,55,34
3006,215,348,55,47
3007,759,603,80,30
3008,724,838,85,34
3009,218,406,70,34
3010,785,700,55,29
3011,313,221,75,13
3012,286,171,70,18
3013,717,600,70,44
3014,589,521,75,18
3015,147,117,70,29
3016,442,621,50,36
3017,860,756,65,36
3018,621,624,75,46
3019,313,191,55,32
3020,206,20,95,41
3021,544,670,65,30
3022,830,868,90,8
3023,226,88,50,43
3024,231,324,100,43
3025,756,895,100,22
3026,270,413,65,43
3027,13,73,95,9
3028,651,744,60,36
3029,118,235,85,34
3030,891,995,90,44
3031,471,282,70,36
3032,812,747,80,41
3033,487,485,95,39
3034,112,228,80,39
3035,284,400,90,34
3036,131,16,60,50
3037,553,499,95,5
3038,890,845,70,22
3039,406,553,85,39
3040,748,550,60,32
3041,750,888,55,19
3042,195,26,85,45
3043,216,338,60,18
3044,224,66,80,16
3045,285,170,50,7
3046,767,598,95,36
3047,536,542,80,47
3048,556,498,70,13
3049,845,978,70,10
3050,138,251,65,37
3051,157,46,100,16
3052,888,965,95,30
3053,620,557,60,35
3054,788,823,65,17
3055,304,134,95,8
3056,204,68,60,9
3057,153,103,100,44
3058,518,353,90,33
3059,28,228,50,27
3060,736,812,60,38
3061,519,557,65,13
3062,49,46,90,34
3063,592,536,50,47
3064,990,866,95,37
3065,147,113,65,12
3066,469,414,60,9
3067,860,765,50,9
3068,784,715,50,13
3069,954,786,65,13
3070,58,219,50,3
3071,594,778,55,46
3072,206,100,90,26
3073,310,479,85,29
3074,506,642,80,9
3075,482,522,50,3
3076,489,498,90,42
3077,862,769,95,44
3078,664,858,90,45
3079,285,470,85,47
3080,359,269,80,9
3081,129,167,50,37
3082,45,184,55,20
3083,520,530,65,25
3084,380,306,80,7
3085,353,474,70,5
3086,43,31,65,37
3087,195,323,70,22
3088,659,656,100,17
3089,688,624,100,7
3090,374,530,95,34
3091,822,920,50,32
3092,957,906,70,28
3093,117,229,90,43
3094,660,736,60,14
3095,677,778,75,21
3096,888,898,80,39
3097,642,822,75,45
3098,12,99,55,4
3099,541,442,50,14
3100,655,731,50,31
3101,735,530,80,13
3102,876,871,50,25
3103,409,379,70,23
3104,584,611,95,26
3105,584,567,85,6
3106,598,515,75,3
3107,672,717,50,29
3108,603,724,80,44
3109,556,660,80,29
3110,501,699,70,7
3111,182,313,55,2
3112,408,438,100,27
3113,968,948,75,21
3114,736,701,55,47
3115,589,697,55,47
3116,513,421,65,20
3117,364,239,50,30
3118,954,924,90,22
3119,485,338,55,27
3120,184,159,95,39
3121,592,487,70,41
3122,236,13,85,4
3123,220,169,90,41
3124,297,409,50,25
3125,460,630,90,50
3126,270,143,65,29
3127,168,272,80,37
3128,138,56,65,20
3129,550,734,90,11
3130,644,567,80,36
3131,136,47,95,38
3132,313,349,95,27
3133,806,672,60,26
3134,474,433,95,31
3135,831,983,50,35
3136,338,367,65,36
3137,217,182,80,37
3138,598,670,90,35
3139,700,825,100,38
3140,850,799,55,32
3141,686,700,90,45
3142,729,855,100,43
3143,372,345,85,41
3144,506,530,55,25
3145,614,487,50,25
3146,828,999,95,29
3147,591,602,60,25
3148,306,400,85,6
3149,453,603,95,31
3150,129,289,80,3
3151,666,672,95,17
3152,119,243,60,3
3153,591,785,55,10
3154,471,609,80,46
3155,363,466,75,31
3156,59,74,100,35
3157,748,568,95,37
3158,74,100,60,26
3159,471,439,50,21
3160,1000,939,55,37
3161,333,216,50,50
3162,217,307,95,25
3163,371,564,60,6
3164,907,973,85,25
3165,795,888,75,34
3166,700,622,75,9
3167,867,975,85,33
3168,975,887,85,20
3169,788,887,55,44
3170,406,513,60,33
3171,740,692,70,26
3172,676,799,95,13
3173,748,585,55,8
3174,33,16,90,45
3175,171,131,100,37
3176,247,239,60,19
3177,634,563,55,40
3178,677,767,95,27
3179,546,659,60,29
3180,282,234,70,13
3181,258,367,60,11
3182,848,735,95,32
3183,931,828,75,34
3184,716,722,95,6
3185,245,219,85,5
3186,409,423,70,48
3187,781,604,75,19
3188,184,124,60,8
3189,75,219,90,24
3190,816,675,100,20
3191,258,363,75,33
3192,617,605,50,22
3193,234,225,80,34
3194,813,898,60,2
3195,469,635,95,11
3196,713,864,60,25
3197,961,948,85,2
3198,660,553,95,3
3199,846,891,50,6
3200,78,216,100,27
3201,868,692,65,47
3202,324,320,75,28
3203,664,609,70,5
3204,792,809,85,12
3205,744,663,65,10
3206,215,349,70,32
3207,74,33,60,34
3208,744,634,60,37
3209,131,26,95,22
3210,729,804,70,2
3211,374,499,50,7
3212,241,408,85,35
3213,701,724,100,35
3214,821,908,60,12
3215,541,449,70,47
3216,967,906,85,17
3217,754,822,55,10
3218,614,718,80,6
3219,225,204,80,36
3220,101,70,75,2
3221,697,759,85,6
3222,277,307,50,24
3223,825,931,90,43
3224,786,678,50,7
3225,822,603,55,38
3226,449,522,75,2
3227,719,729,95,13
3228,353,442,85,8
3229,856,833,100,7
3230,752,605,75,13
3231,433,395,80,7
3232,700,611,50,49
3233,9,123,75,16
3234,746,602,85,5
3235,430,333,95,10
3236,845,891,65,4
3237,292,205,50,31
3238,585,652,55,29
3239,954,885,95,22
3240,662,593,100,2
3241,228,81,50,32
3242,672,767,70,46
3243,239,100,100,7
3244,501,434,90,38
3245,637,705,70,37
3246,666,559,75,46
3247,284,162,70,16
3248,644,827,100,11
3249,835,969,95,35
3250,536,589,85,28
3251,635,621,95,37
3252,778,719,95,15
3253,128,315,80,24
3254,518,506,60,40
3255,493,471,70,19
3256,778,825,85,9
3257,624,688,80,48
3258,653,474,55,41
3259,900,858,90,11
3260,131,323,85,14
3261,542,620,70,36
3262,974,848,55,15
3263,701,644,55,4
3264,498,359,70,23
3265,470,421,50,11
3266,984,987,75,37
3267,374,219,100,41
3268,131,66,80,16
3269,268,90,100,13
3270,614,577,55,31
3271,241,341,70,15
3272,584,536,75,30
3273,719,635,70,35
3274,898,763,65,23
3275,647,676,60,28
3276,217,297,90,5
3277,998,864,80,19
3278,143,147,90,29
3279,630,499,50,49
3280,472,406,80,30
3281,984,983,65,39
3282,218,219,90,16
3283,752,744,70,21
3284,600,465,90,34
3285,247,132,65,37
3286,31,13,70,13
3287,895,719,75,16
3288,826,659,80,42
3289,316,255,70,27
3290,313,226,60,36
3291,68,134,50,23
3292,786,967,75,5
3293,716,575,85,30
3294,124,284,70,47
3295,686,521,50,27
3296,12,70,75,30
3297,521,518,95,23
3298,643,710,75,7
3299,668,614,75,27
3300,438,272,60,15
3301,883,914,95,13
3302,551,699,50,40
3303,170,40,50,36
3304,792,788,75,22
3305,635,506,55,4
3306,254,103,85,42
3307,675,784,70,48
3308,480,392,50,44
3309,433,493,95,8
3310,816,778,65,8
3311,123,166,55,8
3312,471,600,85,34
3313,358,204,80,8
3314,195,270,95,45
3315,71,94,50,11
3316,827,838,75,20
3317,961,895,85,45
3318,937,826,80,5
3319,413,571,100,46
3320,998,875,60,12
3321,235,75,100,3
3322,466,363,80,47
3323,348,217,95,25
3324,391,506,65,22
3325,45,164,70,46
3326,463,592,55,45
3327,438,498,60,2
3328,686,784,55,44
3329,41,95,60,13
3330,128,269,85,22
3331,347,342,95,24
3332,795,784,50,2
3333,138,316,60,28
3334,434,322,50,7
3335,301,123,75,9
3336,855,767,75,15
3337,862,973,60,24
3338,715,722,100,45
3339,162,113,100,39
3340,254,191,70,30
3341,482,469,100,41
3342,345,225,75,4
3343,585,603,85,20
3344,209,341,50,33
3345,157,4,55,50
3346,465,313,85,47
3347,310,482,65,10
3348,584,677,85,40
3349,501,603,90,5
3350,961,815,75,47
3351,82,45,95,45
3352,206,315,75,43
3353,536,368,50,16
3354,289,254,100,50
3355,871,979,55,5
3356,367,224,50,27
3357,447,441,70,45
3358,630,687,95,15
3359,760,731,70,48
3360,559,657,50,15
3361,40,205,95,9
3362,710,614,50,19
3363,414,247,75,10
3364,765,905,50,15
3365,848,905,80,4
3366,247,152,90,41
3367,804,644,70,6
3368,470,414,55,36
3369,611,659,70,42
3370,891,848,95,8
3371,96,20,65,43
3372,364,216,75,41
3373,756,932,95,13
3374,167,123,90,24
3375,564,438,75,50
3376,767,846,65,25
3377,320,220,100,38
3378,515,465,75,11
3379,96,166,50,25
3380,216,225,80,6
3381,438,552,50,5
3382,731,713,80,33
3383,662,739,95,38
3384,474,619,50,43
3385,685,677,50,27
3386,885,763,95,29
3387,166,99,90,5
3388,842,726,55,36
3389,542,556,80,47
3390,520,673,85,32
3391,216,292,70,4
3392,804,731,65,32
3393,218,124,90,19
3394,157,217,100,10
3395,1,109,65,44
3396,707,724,65,38
3397,474,395,70,21
3398,934,895,95,46
3399,389,417,75,16
3400,858,718,50,2
3401,353,205,80,33
3402,162,160,85,26
3403,858,673,60,23
3404,860,686,75,2
3405,575,603,65,12
3406,61,183,100,24
3407,890,792,50,6
3408,697,835,85,15
3409,392,229,80,22
3410,31,209,70,10
3411,390,449,80,13
3412,520,519,70,8
3413,469,304,85,36
3414,716,641,70,13
3415,984,778,95,5
3416,245,123,100,13
3417,143,41,100,38
3418,722,782,60,16
3419,584,421,65,21
3420,519,513,75,8
3421,157,1,55,2
3422,759,598,50,38
3423,406,546,50,43
3424,856,932,80,45
3425,221,389,50,24
3426,939,993,65,2
3427,724,781,100,50
3428,806,868,90,37
3429,308,225,80,34
3430,434,585,70,17
3431,883,744,50,11
3432,715,782,55,7
3433,908,804,80,27
3434,642,702,85,16
3435,987,860,60,41
3436,31,113,50,20
3437,662,797,100,23
3438,218,223,85,23
3439,731,729,95,37
3440,768,653,90,30
3441,164,182,75,38
3442,100,1,60,7
3443,268,229,60,39
3444,792,568,95,29
3445,876,971,70,12
3446,315,269,80,4
3447,96,37,65,17
3448,109,282,80,44
3449,159,74,60,2
3450,735,877,60,31
3451,197,170,75,24
3452,697,782,90,13
3453,563,690,55,18
3454,678,604,85,31
3455,567,564,50,46
3456,341,215,95,10
3457,363,241,50,30
3458,926,788,55,7
3459,581,585,75,12
3460,358,236,65,47
3461,786,815,90,2
3462,3,106,60,14
3463,103,225,80,46
3464,341,379,60,8
3465,706,592,100,40
3466,622,453,100,12
3467,99,204,55,24
3468,1,169,90,9
3469,856,959,90,38
3470,598,449,85,48
3471,795,754,50,45
3472,289,236,75,38
3473,413,352,55,29
3474,747,816,55,9
3475,594,551,90,29
3476,906,809,65,36
3477,171,258,75,23
3478,308,400,90,37
3479,815,754,55,48
3480,909,999,95,22
3481,812,782,95,49
3482,701,788,85,46
3483,229,348,85,12
3484,520,518,55,26
3485,556,673,90,35
3486,324,406,50,47
3487,718,719,50,50
3488,637,710,75,17
3489,112,78,85,36
3490,498,320,95,15
3491,729,635,55,37
3492,100,96,80,40
3493,748,666,60,34
3494,515,430,95,32
3495,506,345,60,34
3496,687,716,70,23
3497,706,854,70,5
3498,978,906,100,8
3499,652,756,90,10
3500,169,306,60,48
3501,430,460,85,12
3502,215,138,50,5
3503,104,247,60,37
3504,518,659,65,41
3505,304,463,70,36
3506,352,279,60,42
3507,522,406,65,10
3508,487,485,100,11
3509,965,827,50,18
3510,349,167,55,19
3511,693,860,70,33
3512,251,168,70,43
3513,990,999,65,48
3514,129,164,60,49
3515,602,767,90,49
3516,570,668,55,6
3517,969,871,80,25
3518,253,465,95,40
3519,835,656,65,46
3520,731,831,50,45
3521,947,769,60,49
3522,88,119,100,49
3523,176,59,50,10
3524,763,908,50,42
3525,338,530,65,5
3526,286,119,70,47
3527,218,160,60,16
3528,176,68,60,10
3529,78,167,85,33
3530,622,634,75,10
3531,585,446,55,17
3532,157,59,75,47
3533,100,256,65,4
3534,118,269,60,34
3535,622,611,55,28
3536,56,195,75,5
3537,101,66,80,18
3538,939,898,80,14
3539,184,124,50,45
3540,218,313,50,24
3541,56,90,95,16
3542,485,579,85,31
3543,551,447,85,24
3544,160,142,80,39
3545,907,890,55,41
3546,542,546,90,16
3547,183,82,60,6
3548,374,333,100,3
3549,72,159,100,12
3550,781,692,95,7
3551,676,848,80,45
3552,58,245,100,49
3553,670,781,55,32
3554,559,389,70,26
3555,37,112,95,4
3556,662,579,60,39
3557,520,650,90,15
3558,571,644,55,3
3559,518,547,70,17
3560,598,809,90,19
3561,221,395,55,41
3562,522,737,80,27
3563,466,307,60,11
3564,217,408,95,7
3565,465,297,65,9
3566,520,499,80,33
3567,368,487,50,34
3568,542,717,50,25
3569,123,95,80,37
3570,388,195,75,28
3571,124,4,80,31
3572,1,68,50,26
3573,609,454,65,46
3574,106,88,80,11
3575,784,611,55,38
3576,637,769,90,27
3577,66,205,75,25
3578,724,786,50,21
3579,272,224,95,20
3580,717,657,70,21
3581,765,860,100,4
3582,973,914,85,29
3583,739,799,80,14
3584,755,866,100,21
3585,643,599,95,14
3586,670,619,65,38
3587,983,948,80,24
3588,406,480,50,21
3589,637,546,100,40
3590,954,963,80,12
3591,123,307,85,14
3592,557,677,60,12
3593,544,641,80,10
3594,275,191,80,9
3595,20,13,55,20
3596,70,53,60,18
3597,594,630,65,28
3598,417,541,100,10
3599,449,400,75,43
3600,109,106,90,46
3601,406,323,75,19
3602,345,389,100,11
3603,515,643,55,45
3604,389,226,90,34
3605,924,763,100,4
3606,724,784,90,49
3607,553,564,85,40
3608,690,812,100,41
3609,873,931,55,49
3610,220,229,95,28
3611,107,247,60,42
3612,53,41,65,48
3613,725,692,70,47
3614,888,989,55,44
3615,306,433,95,38
3616,870,822,100,26
3617,206,136,70,16
3618,908,969,65,37
3619,409,552,75,17
3620,563,605,60,48
3621,47,188,70,31
3622,188,12,60,25
3623,591,501,100,5
3624,759,579,75,36
3625,320,333,65,16
3626,446,348,65,18
3627,183,168,65,4
3628,547,353,65,6
3629,447,454,55,47
3630,513,656,75,44
3631,676,716,90,33
3632,920,991,80,3
3633,759,643,75,48
3634,718,856,70,25
3635,159,160,85,48
3636,101,153,80,46
3637,663,752,95,45
3638,746,792,70,33
3639,856,833,75,31
3640,605,624,80,39
3641,97,132,70,48
3642,129,235,100,23
3643,159,63,65,25
3644,353,379,65,29
3645,413,279,75,38
3646,697,786,85,19
3647,182,106,80,26
3648,234,235,95,34
3649,132,191,80,6
3650,117,285,80,15
3651,760,846,70,10
3652,433,499,55,13
3653,170,46,75,20
3654,740,829,75,3
3655,408,217,90,46
3656,875,748,50,38
3657,647,806,75,41
3658,785,942,70,34
3659,552,557,55,23
3660,135,224,60,50
3661,231,256,80,40
3662,243,246,60,22
3663,536,519,75,38
3664,979,900,80,27
3665,668,594,70,30
3666,235,268,60,9
3667,485,406,65,2
3668,642,634,85,19
3669,657,585,60,17
3670,937,806,75,47
3671,622,806,95,9
3672,552,653,70,13
3673,547,442,80,9
3674,363,229,70,5
3675,191,254,100,18
3676,84,269,100,36
3677,906,888,95,14
3678,637,480,65,12
3679,756,822,80,9
3680,449,506,70,22
3681,446,342,70,15
3682,981,979,50,30
3683,785,948,95,28
3684,162,143,65,44
3685,112,10,85,16
3686,990,920,55,45
3687,229,216,50,3
3688,551,735,90,43
3689,609,664,100,48
3690,672,686,55,33
3691,600,609,90,24
3692,875,786,60,11
3693,235,275,55,7
3694,112,323,75,48
3695,286,470,90,30
3696,160,41,55,37
3697,367,566,70,22
3698,274,434,60,15
3699,715,622,75,44
3700,249,282,70,49
3701,675,501,60,29
3702,37,60,90,31
3703,706,871,70,19
3704,825,871,100,43
3705,672,845,100,33
3706,391,406,50,9
3707,49,131,85,14
3708,297,465,100,12
3709,855,687,100,45
3710,245,225,50,46
3711,747,882,90,28
3712,255,176,75,49
3713,47,157,60,16
3714,822,678,85,31
3715,678,643,85,10
3716,690,551,95,29
3717,799,858,80,45
3718,813,949,75,28
3719,926,957,65,14
3720,724,831,85,2
3721,119,84,55,19
3722,94,88,50,43
3723,585,781,50,50
3724,392,306,100,46
3725,895,831,75,11
3726,870,877,85,36
3727,275,270,55,3
3728,821,999,75,22
3729,614,663,100,35
3730,593,700,100,4
3731,406,368,50,3
3732,7,58,60,32
3733,792,643,100,13
3734,767,867,60,6
3735,40,191,70,13
3736,56,170,75,31
3737,932,987,100,14
3738,846,891,55,29
3739,421,439,50,40
3740,315,235,70,16
3741,220,73,95,46
3742,269,76,55,15
3743,593,506,80,35
3744,699,652,100,46
3745,937,957,55,33
3746,637,673,60,4
3747,634,748,65,9
3748,292,206,65,26
3749,110,8,95,24
3750,828,999,75,47
3751,755,591,60,35
3752,372,433,80,13
3753,447,463,50,40
3754,453,358,100,13
3755,272,195,95,48
3756,604,584,100,33
3757,619,725,65,24
3758,234,358,60,48
3759,417,423,75,41
3760,243,364,75,44
3761,855,981,100,15
3762,858,838,65,11
3763,205,20,60,11
3764,188,119,100,46
3765,363,466,85,16
3766,725,546,95,14
3767,307,195,90,40
3768,97,72,95,13
3769,380,469,50,20
3770,592,624,75,32
3771,258,313,65,24
3772,269,94,65,10
3773,672,702,65,29
3774,833,905,80,7
3775,644,602,90,24
3776,247,134,50,32
3777,41,53,80,7
3778,221,99,50,37
3779,471,297,85,4
3780,268,176,90,13
3781,731,609,80,40
3782,846,774,85,9
3783,383,364,90,12
3784,176,160,65,26
3785,411,254,50,8
3786,619,482,50,33
3787,379,553,55,11
3788,109,117,80,8
3789,831,699,75,43
3790,228,142,90,16
3791,439,571,90,45
3792,316,157,90,42
3793,282,388,60,47
3794,634,594,55,33
3795,170,245,100,42
3796,176,342,80,47
3797,166,104,70,36
3798,948,833,70,27
3799,722,609,85,14
3800,769,961,75,30
3801,76,297,70,10
3802,90,103,60,15
3803,559,697,65,46
3804,90,152,60,11
3805,170,33,60,47
3806,883,746,90,3
3807,797,617,100,8
3808,95,143,95,20
3809,258,316,70,11
3810,277,221,75,37
3811,622,676,100,49
3812,246,301,95,11
3813,655,522,100,45
3814,275,388,100,13
3815,816,706,60,48
3816,345,434,75,27
3817,845,846,50,26
3818,241,219,60,41
3819,515,660,75,15
3820,132,3,75,43
3821,479,568,50,26
3822,22,97,65,42
3823,153,323,85,17
3824,947,854,55,43
3825,813,780,55,36
3826,652,630,50,19
3827,971,855,80,45
3828,864,792,85,19
3829,785,939,55,17
3830,653,480,50,33
3831,45,84,100,22
3832,949,964,65,37
3833,614,668,70,9
3834,559,685,100,37
3835,782,705,75,11
3836,784,765,50,44
3837,570,389,55,16
3838,858,722,80,13
3839,454,653,80,44
3840,352,422,50,34
3841,653,664,70,44
3842,470,575,80,16
3843,765,931,95,48
3844,637,553,85,44
3845,447,604,75,26
3846,987,871,55,22
3847,883,785,70,32
3848,234,16,50,25
3849,983,954,75,18
3850,656,685,95,6
3851,641,550,60,42
3852,610,593,100,6
3853,363,482,75,7
3854,907,989,80,48
3855,659,642,70,6
3856,568,522,55,38
3857,662,856,100,23
3858,961,871,75,29
3859,391,438,70,3
3860,512,472,95,44
3861,289,441,55,38
3862,206,210,80,39
3863,552,656,65,39
3864,236,390,75,30
3865,662,804,90,33
3866,937,795,75,13
3867,553,719,50,32
3868,147,352,50,10
3869,659,652,50,18
3870,739,715,60,29
3871,229,95,60,44
3872,389,479,50,6
3873,858,942,95,43
3874,998,887,85,8
3875,479,289,60,48
3876,621,554,100,7
3877,45,13,60,21
3878,885,787,55,14
3879,699,675,95,17
3880,367,413,80,41
3881,84,224,80,31
3882,236,96,90,38
3883,310,292,100,31
3884,10,20,80,4
3885,485,651,95,35
3886,241,71,85,15
3887,324,118,55,12
3888,546,692,80,33
3889,564,581,85,16
3890,220,308,55,40
3891,609,641,60,10
3892,858,823,85,43
3893,104,209,80,45
3894,832,949,50,31
3895,965,957,75,46
3896,292,279,95,35
3897,160,52,90,41
3898,830,972,85,43
3899,52,167,90,28
3900,664,736,75,17
3901,707,567,100,15
3902,937,871,100,45
3903,234,447,95,46
3904,755,619,70,14
3905,142,106,55,40
3906,124,322,55,42
3907,668,754,80,23
3908,754,875,70,14
3909,465,520,50,34
3910,221,160,100,48
3911,784,662,95,42
3912,301,182,75,13
3913,358,270,65,9
3914,637,715,60,4
3915,60,138,60,9
3916,224,235,95,6
3917,559,688,75,3
3918,594,474,75,33
3919,693,653,80,19
3920,924,939,70,38
3921,289,315,100,31
3922,603,675,70,32
3923,620,737,50,47
3924,848,713,50,2
3925,501,657,60,28
3926,769,906,90,31
3927,998,833,80,21
3928,113,284,70,36
3929,842,713,100,50
3930,875,947,80,33
3931,388,345,80,21
3932,83,258,95,30
3933,218,195,95,30
3934,479,372,70,7
3935,460,313,80,14
3936,888,759,80,24
3937,754,934,80,46
3938,542,434,50,18
3939,460,313,75,4
3940,249,324,50,28
3941,205,316,65,24
3942,806,662,75,46
3943,320,501,65,32
3944,870,750,65,4
3945,556,466,95,49
3946,358,438,80,19
3947,254,228,95,29
3948,797,883,95,13
3949,94,46,85,30
3950,760,637,55,9
3951,784,871,100,38
3952,748,952,100,24
3953,829,706,60,38
3954,226,73,80,16
3955,306,417,75,15
3956,322,205,50,46
3957,541,644,75,39
3958,700,705,85,48
3959,348,430,50,13
3960,655,685,75,24
3961,652,485,55,12
3962,480,345,90,12
3963,441,246,85,28
3964,197,310,100,15
3965,63,47,80,21
3966,66,111,65,7
3967,498,341,75,41
3968,460,395,70,35
3969,842,900,95,37
3970,907,787,95,50
3971,320,380,75,41
3972,239,118,80,24
3973,987,862,70,28
3974,106,219,100,29
3975,289,479,65,21
3976,991,978,75,50
3977,726,716,70,20
3978,195,59,65,21
3979,729,554,70,6
3980,100,113,70,41
3981,926,972,55,27
3982,110,239,95,40
3983,380,228,95,17
3984,965,882,95,17
3985,969,906,70,19
3986,710,873,95,30
3987,506,593,70,16
3988,90,28,95,19
3989,107,138,80,18
3990,809,593,50,35
3991,570,692,100,44
3992,518,701,90,12
3993,546,472,60,16
3994,688,624,50,39
3995,827,998,75,34
3996,652,795,80,10
3997,219,310,95,48
3998,931,942,85,48
3999,641,518,65,38
