501,,,,,,,
0,1,3,2.9,0,100,1.4,-1
1,1,4,1.7,5,110,2.4,-1
2,1,5,3.0,6,100,2.0,-1
3,1,9,2.2,0,125,1.6,-1
4,1,11,3.3,1,130,1.3,-1
5,1,14,3.0,0,100,1.4,-1
6,1,21,3.1,5,110,1.8,-1
7,2,3,2.8,8,110,2.2,-1
8,2,5,2.2,6,110,2.3,-1
9,2,8,2.5,0,100,1.6,-1
10,2,10,2.3,10,135,2.6,-1
11,2,12,1.8,1,125,1.9,-1
12,2,22,3.5,6,130,1.7,-1
13,3,7,1.9,8,135,2.5,-1
14,3,14,1.7,0,150,1.8,-1
15,3,20,2.8,10,145,2.3,-1
16,3,33,2.7,3,150,1.6,-1
17,4,7,2.8,7,145,2.0,-1
18,4,13,3.4,3,145,1.4,-1
19,4,16,2.1,8,125,2.5,-1
20,4,17,2.5,1,125,1.6,-1
21,5,6,3.4,7,120,1.8,-1
22,5,8,2.5,2,150,1.6,-1
23,5,20,1.9,9,145,2.6,-1
24,6,7,1.8,6,145,2.3,-1
25,6,11,2.4,1,130,1.6,-1
26,6,17,3.1,9,100,2.2,-1
27,6,38,3.2,8,145,1.9,-1
28,6,65,2.9,10,145,2.3,-1
29,7,9,3.1,6,130,1.8,-1
30,7,16,2.4,9,115,2.5,-1
31,7,18,2.7,6,120,2.0,-1
32,7,19,2.7,5,145,1.9,-1
33,8,19,1.5,3,130,2.2,-1
34,8,54,2.4,10,145,2.5,-1
35,9,12,2.8,8,125,2.2,-1
36,9,16,1.7,4,115,2.3,-1
37,10,13,1.9,10,125,2.8,-1
38,10,14,1.8,3,115,2.1,-1
39,10,15,1.5,1,115,2.1,-1
40,10,20,2.9,1,145,1.4,-1
41,10,53,1.6,5,135,2.4,-1
42,11,12,3.5,3,135,1.4,-1
43,11,17,3.1,3,135,1.5,-1
44,11,18,2.2,0,110,1.7,-1
45,11,20,3.1,3,140,1.5,-1
46,11,26,2.7,7,140,2.1,-1
47,12,18,1.8,5,105,2.4,-1
48,12,20,2.6,10,105,2.5,-1
49,13,21,3.2,0,130,1.2,-1
50,13,59,2.0,8,150,2.4,-1
51,14,17,3.1,8,110,2.1,-1
52,14,23,2.8,8,105,2.2,-1
53,15,17,2.4,10,130,2.5,-1
54,15,22,2.3,2,125,1.8,-1
55,15,33,2.7,3,145,1.7,-1
56,15,35,1.8,8,110,2.7,-1
57,16,17,2.8,4,105,1.9,-1
58,16,24,2.0,3,105,2.1,-1
59,16,28,1.6,3,105,2.3,-1
60,16,31,1.8,9,150,2.6,-1
61,16,55,2.2,3,105,2.0,-1
62,17,18,3.4,4,145,1.5,-1
63,17,22,2.3,5,125,2.1,-1
64,17,23,2.0,7,115,2.5,-1
65,17,45,2.6,4,130,1.9,-1
66,18,20,1.5,9,135,2.8,-1
67,18,26,1.6,6,135,2.5,-1
68,18,29,2.2,10,145,2.6,-1
69,18,31,2.0,7,120,2.4,-1
70,18,35,2.5,9,120,2.4,-1
71,18,42,3.4,9,145,2.0,-1
72,19,22,1.9,2,115,2.0,-1
73,19,28,2.1,5,145,2.1,-1
74,19,29,3.0,3,105,1.7,-1
75,19,68,2.0,1,115,1.9,-1
76,20,22,2.8,9,130,2.3,-1
77,20,25,1.8,1,130,1.9,-1
78,20,28,3.1,1,140,1.3,-1
79,20,34,1.6,8,145,2.6,-1
80,20,35,2.5,3,105,1.9,-1
81,20,44,2.6,0,105,1.5,-1
82,21,22,3.2,8,105,2.1,-1
83,21,26,2.7,10,115,2.5,-1
84,21,27,3.3,9,150,2.0,-1
85,21,28,2.4,0,105,1.6,-1
86,21,37,3.3,4,100,1.7,-1
87,21,41,2.7,3,100,1.8,-1
88,22,23,1.9,0,130,1.8,-1
89,22,24,3.3,0,130,1.2,-1
90,22,54,3.1,10,100,2.3,-1
91,23,32,3.3,3,110,1.5,-1
92,23,44,2.8,7,145,2.0,-1
93,23,47,1.5,8,145,2.7,-1
94,24,25,2.7,9,125,2.3,-1
95,24,29,1.7,3,100,2.2,-1
96,25,36,2.0,7,130,2.4,-1
97,26,27,2.5,7,145,2.1,-1
98,26,31,3.4,0,105,1.2,-1
99,26,35,2.4,0,115,1.6,-1
100,27,28,2.6,2,140,1.6,-1
101,27,32,3.3,3,105,1.5,-1
102,27,34,2.9,6,125,1.9,-1
103,27,38,1.5,5,115,2.5,-1
104,27,42,2.4,8,135,2.3,-1
105,28,32,1.6,8,120,2.7,-1
106,28,40,2.1,9,130,2.6,-1
107,29,30,1.7,1,115,2.0,-1
108,29,31,3.2,7,110,2.0,-1
109,29,33,3.5,5,145,1.5,-1
110,29,38,1.6,6,125,2.5,-1
111,30,33,1.9,8,140,2.5,-1
112,30,43,1.6,8,125,2.7,-1
113,30,59,2.8,6,105,2.1,-1
114,31,33,1.6,10,140,2.8,-1
115,31,38,2.7,3,105,1.8,-1
116,31,42,2.6,5,125,2.0,-1
117,31,46,3.2,8,150,1.9,-1
118,32,33,2.8,10,150,2.3,-1
119,32,41,3.4,8,110,2.0,-1
120,32,44,2.7,6,115,2.1,-1
121,32,52,2.4,5,150,2.0,-1
122,32,91,2.0,9,125,2.6,-1
123,33,34,2.2,5,150,2.1,-1
124,33,35,1.6,7,125,2.6,-1
125,33,36,2.9,4,150,1.7,-1
126,33,41,3.5,5,145,1.5,-1
127,34,35,3.0,9,105,2.3,-1
128,34,37,1.6,9,145,2.7,-1
129,34,39,2.7,10,110,2.5,-1
130,34,41,3.2,6,110,1.9,-1
131,34,48,2.6,0,130,1.5,-1
132,34,50,1.7,8,145,2.6,-1
133,35,39,2.5,10,100,2.6,-1
134,35,41,3.0,2,140,1.4,-1
135,35,46,2.8,3,100,1.8,-1
136,36,37,1.9,10,105,2.8,-1
137,36,45,3.5,3,135,1.4,-1
138,36,49,3.4,9,150,1.9,-1
139,36,52,2.8,2,150,1.5,-1
140,36,54,2.0,6,150,2.2,-1
141,37,43,1.9,8,115,2.6,-1
142,37,46,3.3,10,115,2.2,-1
143,38,39,2.1,10,125,2.7,-1
144,38,40,3.4,5,130,1.6,-1
145,38,51,2.9,4,130,1.7,-1
146,39,45,2.4,10,135,2.5,-1
147,39,52,2.8,4,145,1.7,-1
148,39,57,1.8,3,105,2.2,-1
149,39,90,1.9,10,105,2.8,-1
150,40,41,2.9,1,100,1.5,-1
151,40,42,1.9,7,150,2.4,-1
152,40,44,2.9,9,115,2.3,-1
153,40,46,3.0,8,150,2.0,-1
154,41,45,2.0,2,105,2.0,-1
155,41,47,1.9,3,115,2.1,-1
156,41,53,1.8,3,105,2.2,-1
157,41,64,2.5,8,125,2.3,-1
158,42,45,3.1,9,145,2.1,-1
159,42,47,2.5,2,150,1.6,-1
160,42,62,2.2,7,100,2.4,-1
161,42,80,2.8,5,120,1.9,-1
162,43,49,2.2,8,120,2.5,-1
163,43,51,1.7,7,115,2.6,-1
164,43,56,2.4,5,120,2.1,-1
165,43,61,2.8,7,120,2.1,-1
166,43,84,2.9,9,150,2.2,-1
167,44,47,2.3,7,140,2.2,-1
168,44,51,1.7,8,110,2.7,-1
169,44,54,3.5,10,125,2.1,-1
170,44,58,3.0,3,130,1.6,-1
171,44,59,3.3,0,125,1.2,-1
172,44,64,2.6,10,100,2.6,-1
173,45,47,1.7,0,150,1.8,-1
174,45,51,1.7,3,140,2.1,-1
175,45,61,2.3,0,100,1.7,-1
176,45,73,2.3,1,110,1.7,-1
177,45,102,2.1,7,150,2.3,-1
178,46,48,2.6,5,115,2.0,-1
179,46,52,2.8,2,120,1.6,-1
180,46,58,2.7,8,125,2.2,-1
181,46,75,1.6,1,135,2.0,-1
182,47,49,3.3,1,100,1.4,-1
183,47,55,2.8,1,110,1.5,-1
184,48,49,3.5,6,150,1.6,-1
185,48,52,1.7,3,120,2.2,-1
186,48,55,1.5,6,105,2.6,-1
187,48,56,2.4,1,140,1.6,-1
188,48,61,1.8,1,120,1.9,-1
189,48,81,2.9,10,145,2.3,-1
190,49,50,2.7,4,145,1.8,-1
191,49,56,3.3,8,115,2.0,-1
192,49,67,2.7,5,120,1.9,-1
193,50,52,2.2,1,130,1.7,-1
194,50,53,3.2,2,115,1.4,-1
195,50,56,3.0,2,120,1.5,-1
196,50,57,2.5,6,120,2.1,-1
197,50,65,2.6,9,120,2.4,-1
198,50,73,2.2,8,105,2.5,-1
199,51,53,2.4,8,145,2.3,-1
200,51,56,2.4,3,145,1.8,-1
201,51,75,3.1,7,130,1.9,-1
202,52,53,2.0,8,135,2.5,-1
203,52,58,2.2,3,140,1.9,-1
204,52,59,3.1,1,145,1.3,-1
205,52,60,2.8,5,130,1.9,-1
206,52,63,2.9,1,125,1.4,-1
207,52,64,3.2,7,100,2.0,-1
208,52,78,1.8,4,105,2.3,-1
209,52,82,2.3,6,110,2.2,-1
210,52,94,3.0,10,140,2.2,-1
211,53,54,2.2,9,140,2.5,-1
212,53,59,2.9,9,120,2.3,-1
213,53,86,2.2,8,135,2.4,-1
214,54,57,2.9,8,100,2.2,-1
215,54,59,3.0,7,125,2.0,-1
216,54,63,2.0,3,110,2.1,-1
217,54,65,3.4,1,105,1.3,-1
218,54,69,2.2,1,120,1.8,-1
219,55,58,2.1,0,115,1.7,-1
220,55,61,3.1,0,140,1.2,-1
221,55,69,1.9,2,105,2.0,-1
222,56,59,3.3,5,145,1.6,-1
223,56,68,3.1,8,135,2.0,-1
224,56,72,1.7,5,130,2.3,-1
225,56,76,2.3,1,150,1.6,-1
226,57,63,1.7,6,100,2.5,-1
227,57,64,2.6,9,135,2.3,-1
228,57,73,2.8,9,125,2.3,-1
229,57,92,2.4,9,110,2.5,-1
230,58,63,2.7,5,135,1.9,-1
231,58,66,3.4,7,100,1.9,-1
232,58,74,2.5,0,125,1.5,-1
233,59,60,1.7,6,120,2.5,-1
234,59,65,3.5,4,100,1.6,-1
235,59,69,2.3,0,125,1.6,-1
236,59,70,2.6,0,105,1.5,-1
237,59,73,1.5,0,150,1.9,-1
238,59,74,1.5,1,125,2.0,-1
239,59,75,2.0,4,140,2.1,-1
240,60,66,2.8,3,120,1.7,-1
241,60,77,1.7,3,145,2.1,-1
242,61,66,1.8,8,110,2.7,-1
243,61,67,3.4,9,110,2.1,-1
244,61,71,2.7,6,145,2.0,-1
245,61,73,3.0,10,125,2.3,-1
246,61,89,3.4,7,125,1.8,-1
247,61,96,2.9,7,130,2.0,-1
248,62,63,1.6,2,120,2.1,-1
249,62,64,1.9,2,115,2.0,-1
250,62,80,1.6,2,120,2.1,-1
251,63,64,2.9,7,130,2.0,-1
252,63,66,2.1,2,110,1.9,-1
253,63,68,2.3,3,115,1.9,-1
254,63,97,2.6,1,110,1.6,-1
255,64,68,3.3,8,145,1.9,-1
256,64,72,2.5,3,135,1.8,-1
257,65,66,3.1,8,100,2.1,-1
258,65,67,2.8,1,135,1.5,-1
259,65,68,1.8,5,150,2.2,-1
260,65,69,2.9,6,100,2.0,-1
261,65,74,2.1,9,125,2.6,-1
262,65,77,3.5,6,150,1.6,-1
263,65,81,1.7,1,110,2.0,-1
264,66,68,2.7,2,145,1.6,-1
265,66,72,2.2,5,150,2.1,-1
266,67,70,2.7,2,145,1.6,-1
267,67,78,1.6,0,115,1.9,-1
268,67,85,2.8,3,145,1.6,-1
269,67,90,2.5,5,105,2.1,-1
270,68,69,2.9,6,140,1.9,-1
271,68,70,2.6,9,135,2.3,-1
272,68,73,3.0,6,140,1.8,-1
273,68,74,3.0,4,150,1.6,-1
274,68,88,2.7,5,100,2.0,-1
275,68,92,3.2,3,135,1.5,-1
276,70,71,1.7,4,135,2.2,-1
277,70,84,3.0,3,105,1.7,-1
278,70,85,2.3,7,125,2.3,-1
279,71,73,3.5,2,140,1.2,-1
280,71,74,2.3,10,150,2.5,-1
281,71,75,2.4,2,120,1.8,-1
282,71,90,2.0,10,110,2.8,-1
283,72,75,2.0,8,140,2.5,-1
284,72,76,1.7,7,150,2.5,-1
285,72,77,3.1,2,110,1.5,-1
286,72,83,1.8,3,120,2.1,-1
287,72,89,1.7,7,140,2.5,-1
288,72,92,2.5,4,140,1.9,-1
289,73,78,3.4,6,100,1.8,-1
290,73,80,2.7,5,120,1.9,-1
291,73,82,2.1,9,135,2.6,-1
292,73,103,2.2,5,115,2.2,-1
293,74,75,3.4,7,125,1.8,-1
294,74,77,2.7,2,135,1.6,-1
295,74,85,3.1,10,125,2.3,-1
296,74,93,2.6,0,145,1.4,-1
297,75,84,1.7,10,105,2.9,-1
298,75,90,2.6,5,140,1.9,-1
299,75,105,3.4,2,150,1.2,-1
300,76,85,3.2,1,120,1.3,-1
301,76,90,2.1,10,125,2.7,-1
302,76,106,1.7,1,120,2.0,-1
303,77,81,2.9,4,140,1.7,-1
304,77,89,2.0,5,135,2.2,-1
305,77,96,2.0,2,135,1.9,-1
306,78,82,2.9,7,105,2.1,-1
307,78,85,2.3,8,120,2.4,-1
308,78,90,3.1,10,140,2.2,-1
309,78,104,2.7,5,150,1.8,-1
310,79,87,3.1,5,140,1.7,-1
311,81,85,1.8,2,145,1.9,-1
312,81,86,1.8,0,100,1.9,-1
313,81,99,2.2,5,110,2.2,-1
314,81,101,2.4,7,100,2.3,-1
315,81,104,1.7,6,145,2.4,-1
316,82,84,1.9,1,125,1.9,-1
317,82,91,2.9,0,120,1.4,-1
318,83,85,3.3,8,150,1.9,-1
319,83,86,2.7,8,125,2.2,-1
320,83,102,2.7,3,145,1.7,-1
321,84,86,2.8,4,145,1.7,-1
322,84,89,2.6,6,150,2.0,-1
323,84,91,2.2,10,125,2.6,-1
324,84,93,2.4,5,135,2.0,-1
325,84,95,1.6,4,150,2.2,-1
326,84,97,1.8,9,110,2.8,-1
327,84,98,3.1,2,100,1.5,-1
328,84,102,1.6,2,115,2.1,-1
329,85,86,2.0,7,115,2.5,-1
330,85,94,2.4,6,100,2.2,-1
331,85,109,3.0,8,145,2.0,-1
332,86,90,3.2,9,100,2.2,-1
333,87,90,3.1,8,100,2.1,-1
334,87,93,3.0,8,150,2.0,-1
335,87,94,3.4,5,105,1.7,-1
336,87,95,1.5,6,115,2.6,-1
337,87,109,2.0,9,150,2.5,-1
338,87,110,2.8,0,105,1.5,-1
339,88,89,2.7,10,115,2.5,-1
340,88,91,1.9,3,140,2.0,-1
341,88,107,1.7,8,100,2.7,-1
342,88,112,2.2,10,140,2.6,-1
343,89,90,1.8,6,150,2.3,-1
344,89,91,3.5,1,115,1.2,-1
345,90,91,1.7,0,140,1.8,-1
346,90,96,3.3,6,150,1.7,-1
347,90,109,2.8,3,115,1.7,-1
348,91,92,3.3,7,145,1.8,-1
349,91,94,2.2,9,130,2.5,-1
350,91,95,2.4,2,120,1.8,-1
351,91,98,1.6,1,150,1.9,-1
352,91,101,2.3,5,130,2.1,-1
353,91,108,2.0,3,135,2.0,-1
354,91,111,2.3,10,135,2.6,-1
355,91,112,2.0,7,115,2.5,-1
356,92,93,3.2,4,120,1.6,-1
357,92,97,2.6,0,120,1.5,-1
358,92,103,2.7,8,135,2.2,-1
359,92,127,2.4,10,145,2.5,-1
360,92,131,2.2,5,110,2.2,-1
361,93,94,2.2,8,135,2.4,-1
362,93,102,2.5,2,105,1.8,-1
363,94,95,3.1,10,150,2.2,-1
364,94,105,3.1,4,120,1.7,-1
365,94,111,3.0,0,135,1.3,-1
366,94,113,2.8,0,145,1.3,-1
367,95,97,2.1,7,125,2.4,-1
368,95,110,1.6,3,115,2.2,-1
369,96,100,1.6,9,100,2.9,-1
370,96,106,2.5,5,135,2.0,-1
371,96,115,2.3,3,145,1.8,-1
372,96,123,2.3,8,140,2.3,-1
373,96,128,2.1,9,135,2.6,-1
374,96,130,2.0,4,135,2.1,-1
375,97,100,2.3,2,110,1.8,-1
376,97,101,2.7,7,135,2.1,-1
377,97,102,2.0,0,125,1.7,-1
378,97,103,3.3,8,105,2.0,-1
379,97,104,2.1,0,140,1.6,-1
380,97,108,2.2,0,115,1.7,-1
381,97,117,2.5,6,115,2.1,-1
382,98,99,1.9,4,145,2.1,-1
383,98,111,1.8,4,120,2.2,-1
384,98,116,2.9,8,110,2.2,-1
385,99,103,2.1,9,145,2.5,-1
386,99,109,1.9,0,120,1.8,-1
387,99,110,1.9,8,145,2.5,-1
388,100,102,2.0,7,140,2.4,-1
389,100,104,3.3,1,115,1.3,-1
390,100,105,3.3,5,100,1.8,-1
391,100,108,1.7,2,135,2.0,-1
392,100,113,1.8,9,115,2.7,-1
393,100,119,3.4,7,100,1.9,-1
394,101,103,1.7,4,140,2.2,-1
395,101,104,2.0,0,105,1.8,-1
396,101,105,1.5,9,110,2.9,-1
397,101,110,2.4,4,105,2.0,-1
398,102,103,2.4,2,125,1.8,-1
399,102,104,1.7,0,130,1.8,-1
400,102,116,2.7,7,125,2.1,-1
401,103,109,2.9,9,120,2.3,-1
402,103,115,3.4,6,130,1.7,-1
403,103,120,2.9,0,100,1.4,-1
404,103,125,3.1,1,115,1.4,-1
405,104,108,3.1,1,110,1.4,-1
406,104,111,2.5,1,140,1.6,-1
407,104,126,2.0,8,140,2.5,-1
408,105,109,3.4,2,105,1.4,-1
409,105,111,2.8,5,140,1.8,-1
410,106,107,3.3,2,120,1.4,-1
411,106,110,2.9,7,115,2.1,-1
412,106,112,1.6,5,105,2.5,-1
413,106,113,3.2,4,120,1.6,-1
414,106,114,2.0,0,150,1.6,-1
415,106,115,1.7,5,120,2.4,-1
416,106,130,2.6,0,145,1.4,-1
417,107,109,3.4,2,115,1.4,-1
418,107,110,3.2,1,110,1.4,-1
419,107,112,1.6,10,100,3.0,-1
420,107,117,2.8,2,130,1.6,-1
421,107,120,2.3,10,135,2.6,-1
422,107,121,2.3,9,135,2.5,-1
423,107,124,3.3,0,125,1.2,-1
424,108,109,1.5,5,150,2.4,-1
425,109,115,2.6,5,130,2.0,-1
426,109,122,3.5,10,110,2.1,-1
427,109,124,3.0,0,115,1.3,-1
428,110,113,1.5,8,150,2.7,-1
429,110,115,1.9,4,145,2.1,-1
430,110,116,2.9,4,140,1.7,-1
431,111,117,2.8,2,125,1.6,-1
432,111,122,3.2,7,140,1.9,-1
433,111,125,1.9,6,135,2.3,-1
434,112,117,2.1,3,110,2.0,-1
435,112,121,2.8,5,125,1.9,-1
436,112,123,2.0,7,120,2.4,-1
437,112,126,3.0,4,145,1.6,-1
438,113,116,1.5,7,145,2.6,-1
439,113,118,2.0,5,145,2.2,-1
440,113,119,3.0,1,120,1.4,-1
441,113,126,2.5,8,110,2.4,-1
442,114,115,2.2,9,145,2.5,-1
443,114,130,3.5,9,105,2.0,-1
444,114,132,3.0,8,130,2.1,-1
445,115,116,3.1,7,120,2.0,-1
446,115,117,3.5,10,105,2.1,-1
447,115,118,3.2,5,115,1.7,-1
448,115,120,3.0,8,100,2.2,-1
449,115,125,2.5,9,100,2.5,-1
450,115,127,3.3,4,105,1.6,-1
451,115,129,2.7,5,125,1.9,-1
452,115,132,3.0,3,130,1.6,-1
453,116,117,2.7,7,105,2.2,-1
454,116,119,2.5,1,150,1.5,-1
455,116,130,2.9,6,100,2.0,-1
456,116,142,2.9,7,105,2.1,-1
457,117,123,1.9,8,125,2.6,-1
458,117,126,3.2,2,100,1.5,-1
459,117,127,2.1,10,135,2.7,-1
460,118,133,1.8,2,145,1.9,-1
461,119,120,2.4,7,145,2.2,-1
462,119,125,3.4,2,110,1.4,-1
463,119,126,3.3,5,150,1.6,-1
464,119,127,3.5,5,140,1.5,-1
465,120,124,3.2,9,145,2.0,-1
466,120,125,2.6,6,120,2.1,-1
467,120,136,1.7,9,105,2.8,-1
468,120,138,1.9,9,110,2.7,-1
469,121,130,2.3,2,130,1.8,-1
470,121,135,3.4,6,100,1.8,-1
471,122,123,2.0,2,115,2.0,-1
472,122,124,3.3,9,140,2.0,-1
473,122,127,2.9,9,145,2.2,-1
474,122,128,3.1,4,115,1.7,-1
475,122,137,3.1,8,100,2.1,-1
476,122,150,2.6,5,120,2.0,-1
477,123,125,2.2,1,125,1.7,-1
478,123,127,2.3,8,120,2.4,-1
479,123,129,2.0,8,120,2.5,-1
480,123,130,1.6,5,125,2.4,-1
481,123,156,2.1,10,100,2.8,-1
482,124,146,2.6,7,130,2.2,-1
483,124,152,3.0,4,125,1.7,-1
484,125,130,2.6,9,100,2.5,-1
485,125,132,1.8,7,100,2.6,-1
486,125,137,3.1,4,150,1.6,-1
487,126,155,3.3,6,110,1.8,-1
488,127,134,1.8,5,145,2.2,-1
489,128,162,2.8,6,115,2.0,-1
490,129,130,3.4,9,135,2.0,-1
491,129,132,1.7,5,105,2.4,-1
492,129,134,1.9,5,105,2.3,-1
493,130,133,2.5,0,135,1.5,-1
494,130,134,2.3,7,135,2.3,-1
495,130,136,2.7,8,150,2.1,-1
496,130,138,1.6,0,110,1.9,-1
497,131,138,2.2,2,110,1.9,-1
498,131,143,3.3,6,130,1.8,-1
499,131,151,2.0,9,135,2.6,-1
500,131,154,2.7,6,120,2.0,-1
501,131,157,2.6,4,130,1.9,-1
502,131,161,2.1,9,150,2.5,-1
503,132,140,2.3,5,130,2.1,-1
504,133,135,3.1,0,105,1.3,-1
505,133,136,2.1,5,140,2.1,-1
506,134,135,1.7,5,130,2.3,-1
507,134,136,3.1,0,135,1.2,-1
508,134,138,2.7,6,130,2.0,-1
509,134,143,2.7,10,130,2.4,-1
510,134,149,2.9,5,135,1.8,-1
511,134,170,3.4,10,140,2.1,-1
512,135,136,1.8,9,125,2.7,-1
513,135,142,1.7,3,120,2.2,-1
514,135,144,2.7,1,130,1.5,-1
515,135,145,2.9,8,125,2.1,-1
516,135,149,1.9,8,110,2.6,-1
517,135,150,2.5,0,140,1.5,-1
518,136,154,1.8,4,105,2.3,-1
519,136,160,3.3,8,140,1.9,-1
520,137,139,3.4,5,140,1.6,-1
521,137,141,3.4,3,135,1.4,-1
522,137,144,2.4,6,135,2.1,-1
523,137,148,1.8,3,125,2.1,-1
524,137,163,1.9,7,110,2.5,-1
525,137,164,1.6,10,115,2.9,-1
526,138,141,1.6,0,135,1.9,-1
527,138,145,2.4,1,115,1.7,-1
528,138,146,2.7,0,105,1.5,-1
529,138,153,2.0,4,150,2.0,-1
530,139,140,1.8,4,140,2.2,-1
531,139,142,2.9,6,100,2.0,-1
532,140,141,1.9,10,115,2.8,-1
533,140,142,2.5,2,120,1.7,-1
534,140,146,2.1,2,115,1.9,-1
535,140,148,3.1,8,130,2.0,-1
536,140,156,2.7,10,150,2.3,-1
537,141,142,2.8,5,125,1.9,-1
538,142,150,2.2,3,150,1.9,-1
539,142,151,2.5,9,150,2.3,-1
540,142,170,2.1,10,145,2.6,-1
541,143,148,3.4,9,145,2.0,-1
542,143,149,2.0,5,130,2.2,-1
543,143,150,2.6,2,105,1.7,-1
544,143,153,2.4,8,100,2.4,-1
545,143,164,3.1,1,150,1.3,-1
546,143,186,2.1,6,125,2.3,-1
547,144,145,3.2,1,100,1.4,-1
548,144,146,1.6,7,140,2.5,-1
549,144,147,1.8,2,110,2.1,-1
550,144,148,3.1,7,115,2.0,-1
551,144,153,2.4,6,135,2.1,-1
552,144,158,2.1,3,150,1.9,-1
553,145,146,3.1,6,125,1.9,-1
554,145,148,1.7,2,110,2.1,-1
555,145,149,2.2,6,130,2.2,-1
556,145,152,2.6,4,120,1.9,-1
557,145,159,2.2,3,150,1.9,-1
558,145,174,3.4,4,150,1.4,-1
559,146,147,2.9,4,110,1.8,-1
560,146,148,1.7,3,130,2.1,-1
561,146,158,2.5,7,100,2.3,-1
562,147,148,1.7,10,115,2.9,-1
563,147,149,3.2,6,130,1.8,-1
564,147,152,3.2,10,100,2.3,-1
565,147,159,3.3,9,130,2.1,-1
566,148,149,3.3,3,145,1.4,-1
567,148,153,1.6,1,120,2.0,-1
568,148,159,2.8,0,130,1.4,-1
569,148,161,2.9,8,115,2.2,-1
570,148,163,2.7,3,110,1.8,-1
571,150,169,1.6,3,135,2.2,-1
572,151,156,2.0,3,125,2.0,-1
573,151,157,3.1,9,120,2.2,-1
574,151,158,2.5,10,120,2.5,-1
575,151,163,2.3,6,135,2.2,-1
576,152,153,2.6,2,150,1.6,-1
577,152,156,1.8,7,135,2.5,-1
578,152,159,3.5,1,140,1.1,-1
579,152,162,1.9,5,110,2.3,-1
580,152,195,2.2,4,115,2.1,-1
581,153,157,3.5,9,125,2.0,-1
582,153,160,2.5,0,145,1.4,-1
583,154,158,3.0,9,140,2.1,-1
584,154,159,3.3,0,145,1.1,-1
585,154,160,3.4,9,135,2.0,-1
586,154,161,3.2,2,140,1.4,-1
587,154,177,2.9,10,100,2.4,-1
588,155,156,2.7,4,125,1.8,-1
589,155,165,2.2,7,110,2.4,-1
590,155,166,3.4,5,115,1.7,-1
591,156,157,2.9,0,145,1.3,-1
592,156,158,2.0,4,125,2.1,-1
593,156,159,3.1,5,115,1.8,-1
594,156,160,2.8,2,140,1.5,-1
595,156,168,3.4,10,140,2.1,-1
596,156,179,3.4,10,150,2.0,-1
597,157,160,2.8,9,140,2.2,-1
598,157,165,2.9,4,135,1.7,-1
599,157,166,2.1,8,110,2.5,-1
600,157,169,3.0,5,110,1.8,-1
601,158,161,2.2,0,135,1.6,-1
602,158,162,1.5,5,145,2.4,-1
603,158,165,2.5,2,140,1.7,-1
604,158,171,2.6,1,110,1.6,-1
605,159,160,2.9,1,125,1.4,-1
606,159,161,2.1,10,135,2.7,-1
607,159,172,3.3,6,105,1.8,-1
608,159,180,1.6,5,130,2.4,-1
609,160,161,2.7,5,145,1.9,-1
610,160,164,2.2,1,140,1.7,-1
611,160,165,2.0,0,140,1.7,-1
612,160,167,2.2,10,135,2.6,-1
613,160,170,1.6,5,140,2.3,-1
614,160,172,2.0,2,140,1.9,-1
615,160,176,2.3,3,130,1.9,-1
616,160,201,1.6,4,115,2.3,-1
617,161,170,1.6,7,125,2.6,-1
618,161,175,2.5,8,150,2.2,-1
619,161,185,2.7,9,100,2.4,-1
620,161,188,2.1,10,140,2.6,-1
621,161,193,2.3,2,135,1.8,-1
622,162,163,1.6,7,150,2.5,-1
623,162,166,2.6,6,100,2.2,-1
624,162,172,2.0,1,135,1.8,-1
625,162,181,2.3,10,120,2.6,-1
626,163,169,1.8,10,135,2.8,-1
627,163,170,2.4,7,145,2.2,-1
628,163,197,1.9,6,105,2.4,-1
629,163,205,2.0,6,140,2.3,-1
630,164,167,3.1,2,115,1.5,-1
631,164,172,1.9,5,100,2.4,-1
632,164,176,2.1,2,120,1.9,-1
633,164,184,2.9,2,150,1.5,-1
634,165,166,3.2,10,140,2.2,-1
635,165,169,3.1,5,105,1.8,-1
636,165,170,2.6,5,145,1.9,-1
637,165,173,2.7,4,120,1.8,-1
638,165,180,2.7,2,145,1.6,-1
639,165,182,3.1,4,145,1.6,-1
640,166,168,2.5,6,125,2.1,-1
641,166,174,2.5,0,105,1.6,-1
642,167,170,3.2,1,115,1.3,-1
643,167,177,2.0,0,150,1.6,-1
644,168,171,2.8,1,140,1.4,-1
645,168,175,3.2,6,130,1.8,-1
646,168,183,2.2,10,130,2.6,-1
647,168,191,2.6,0,135,1.4,-1
648,169,171,2.2,1,100,1.8,-1
649,169,172,2.4,8,125,2.4,-1
650,169,173,2.4,4,135,1.9,-1
651,169,178,2.2,5,150,2.1,-1
652,169,180,3.0,4,115,1.7,-1
653,170,173,1.8,2,130,2.0,-1
654,170,176,1.6,3,115,2.2,-1
655,170,185,3.2,2,115,1.4,-1
656,171,172,3.2,2,115,1.4,-1
657,171,177,2.8,6,135,2.0,-1
658,171,182,2.2,3,125,1.9,-1
659,171,185,2.8,4,130,1.8,-1
660,172,174,1.8,3,115,2.1,-1
661,172,175,1.7,9,100,2.8,-1
662,172,184,3.0,1,130,1.4,-1
663,173,174,2.3,9,130,2.5,-1
664,173,175,2.6,7,150,2.1,-1
665,173,181,2.3,9,135,2.5,-1
666,173,184,3.1,9,105,2.2,-1
667,173,190,2.8,2,125,1.6,-1
668,174,175,1.7,0,125,1.9,-1
669,174,221,2.3,2,125,1.8,-1
670,175,178,3.4,4,150,1.4,-1
671,175,185,3.2,9,115,2.1,-1
672,177,180,1.9,9,120,2.7,-1
673,177,194,2.2,5,105,2.2,-1
674,178,182,3.0,1,100,1.5,-1
675,178,183,2.9,10,140,2.3,-1
676,178,185,2.1,7,115,2.4,-1
677,178,189,1.8,6,110,2.5,-1
678,178,199,3.2,5,105,1.8,-1
679,178,203,2.8,10,140,2.3,-1
680,179,184,2.8,6,130,2.0,-1
681,179,186,3.1,2,105,1.5,-1
682,179,188,1.8,10,150,2.7,-1
683,180,181,3.4,9,130,2.0,-1
684,180,194,2.4,3,110,1.9,-1
685,180,196,1.9,0,120,1.8,-1
686,180,200,3.0,9,120,2.2,-1
687,180,209,1.6,10,140,2.8,-1
688,181,183,2.6,9,135,2.3,-1
689,181,184,2.4,7,150,2.2,-1
690,181,185,2.5,10,100,2.6,-1
691,181,191,2.7,1,115,1.6,-1
692,181,205,3.3,1,130,1.3,-1
693,182,183,2.5,1,140,1.6,-1
694,182,185,2.8,2,130,1.6,-1
695,182,188,3.2,9,145,2.0,-1
696,182,195,2.2,5,130,2.1,-1
697,182,197,2.8,9,150,2.2,-1
698,182,198,2.6,0,110,1.5,-1
699,183,184,1.9,8,130,2.6,-1
700,183,185,2.9,3,135,1.6,-1
701,183,217,1.8,2,105,2.1,-1
702,184,185,3.3,4,125,1.6,-1
703,184,186,3.0,8,130,2.1,-1
704,184,187,1.9,4,125,2.2,-1
705,184,195,2.1,2,145,1.8,-1
706,184,200,2.6,6,125,2.1,-1
707,185,186,2.5,6,135,2.1,-1
708,185,193,2.3,7,145,2.2,-1
709,185,196,2.5,9,130,2.4,-1
710,185,197,3.0,5,135,1.8,-1
711,186,189,3.4,10,125,2.1,-1
712,186,190,2.2,8,105,2.5,-1
713,186,191,2.2,9,130,2.5,-1
714,186,194,1.7,2,120,2.1,-1
715,186,196,2.8,3,140,1.6,-1
716,187,188,2.2,5,100,2.2,-1
717,187,189,1.6,5,120,2.4,-1
718,187,190,2.1,6,150,2.2,-1
719,187,208,3.0,3,120,1.6,-1
720,188,191,1.7,4,130,2.2,-1
721,188,197,1.6,7,130,2.6,-1
722,189,194,2.9,3,100,1.7,-1
723,190,192,1.9,0,115,1.8,-1
724,190,193,2.2,8,130,2.4,-1
725,190,195,2.8,1,145,1.4,-1
726,190,198,2.0,0,150,1.6,-1
727,190,200,3.5,1,120,1.2,-1
728,190,224,3.0,8,115,2.1,-1
729,191,193,1.8,2,140,2.0,-1
730,191,197,2.9,8,105,2.2,-1
731,191,200,1.7,8,110,2.7,-1
732,192,202,2.3,3,120,1.9,-1
733,192,203,1.9,6,115,2.4,-1
734,192,208,2.7,6,125,2.0,-1
735,192,219,3.2,9,140,2.1,-1
736,193,194,3.2,4,115,1.6,-1
737,193,195,2.4,6,135,2.1,-1
738,193,200,3.3,1,140,1.2,-1
739,193,202,3.3,1,105,1.3,-1
740,194,196,1.6,0,105,2.0,-1
741,194,198,3.4,5,150,1.5,-1
742,195,197,2.5,8,140,2.3,-1
743,195,203,2.1,7,135,2.4,-1
744,195,205,3.1,6,110,1.9,-1
745,195,215,3.2,9,130,2.1,-1
746,196,199,2.7,6,140,2.0,-1
747,196,206,3.3,8,135,1.9,-1
748,196,207,2.8,6,105,2.1,-1
749,196,219,3.1,10,150,2.2,-1
750,197,198,2.9,5,120,1.9,-1
751,197,199,3.4,3,110,1.5,-1
752,197,209,3.0,3,110,1.6,-1
753,198,200,3.0,5,140,1.7,-1
754,198,214,3.1,8,120,2.1,-1
755,198,253,2.4,6,100,2.2,-1
756,199,201,2.5,10,145,2.4,-1
757,199,202,2.6,10,150,2.4,-1
758,199,204,2.8,7,120,2.1,-1
759,199,205,3.0,5,145,1.7,-1
760,199,210,2.4,4,130,1.9,-1
761,199,215,2.5,3,115,1.8,-1
762,199,250,3.0,8,150,2.0,-1
763,200,203,1.8,5,100,2.4,-1
764,200,205,1.7,0,125,1.9,-1
765,200,206,2.9,2,120,1.6,-1
766,200,208,2.4,1,120,1.7,-1
767,200,225,1.7,9,105,2.8,-1
768,200,248,1.7,8,150,2.6,-1
769,201,207,1.8,3,140,2.1,-1
770,201,221,3.2,0,130,1.2,-1
771,201,266,1.8,10,145,2.7,-1
772,202,205,1.9,3,125,2.1,-1
773,202,206,2.6,1,135,1.5,-1
774,202,207,1.6,5,115,2.4,-1
775,202,213,3.1,3,150,1.5,-1
776,202,216,3.1,8,120,2.1,-1
777,202,220,2.6,5,110,2.0,-1
778,203,209,1.8,0,120,1.8,-1
779,203,216,3.0,7,140,1.9,-1
780,203,217,2.8,3,110,1.7,-1
781,204,205,1.5,6,135,2.5,-1
782,204,207,1.6,0,120,1.9,-1
783,204,209,1.6,5,110,2.4,-1
784,205,207,2.8,9,135,2.2,-1
785,206,211,3.4,10,135,2.1,-1
786,206,213,2.4,5,140,2.0,-1
787,206,215,3.0,5,115,1.8,-1
788,207,213,2.0,6,150,2.2,-1
789,207,223,3.2,7,150,1.8,-1
790,208,210,2.5,0,120,1.5,-1
791,208,213,2.9,9,140,2.2,-1
792,208,217,1.5,10,140,2.9,-1
793,208,222,1.9,6,140,2.3,-1
794,209,212,3.5,9,110,2.0,-1
795,209,226,1.5,10,145,2.9,-1
796,210,214,3.2,7,115,1.9,-1
797,210,215,1.5,7,130,2.6,-1
798,210,219,2.0,4,125,2.1,-1
799,210,221,3.1,0,150,1.2,-1
800,210,250,3.2,3,125,1.5,-1
801,211,214,2.2,7,115,2.4,-1
802,211,215,2.4,2,135,1.7,-1
803,211,220,3.3,4,135,1.5,-1
804,211,230,2.0,1,110,1.9,-1
805,211,233,1.6,0,115,1.9,-1
806,212,214,1.8,9,120,2.7,-1
807,212,216,2.1,7,140,2.3,-1
808,212,220,2.7,0,100,1.5,-1
809,212,224,1.8,8,100,2.7,-1
810,214,215,1.9,4,125,2.2,-1
811,214,221,2.1,9,105,2.6,-1
812,214,239,2.4,2,125,1.8,-1
813,215,217,2.4,7,115,2.3,-1
814,215,238,2.4,1,115,1.7,-1
815,215,275,2.2,8,115,2.5,-1
816,216,217,3.4,3,100,1.5,-1
817,216,218,2.3,10,100,2.7,-1
818,216,222,2.0,5,100,2.3,-1
819,216,227,3.1,2,120,1.5,-1
820,216,230,3.4,3,125,1.4,-1
821,216,239,3.3,5,130,1.7,-1
822,216,244,2.9,1,105,1.5,-1
823,217,220,2.7,3,130,1.7,-1
824,217,222,1.5,1,150,2.0,-1
825,218,220,1.8,2,135,2.0,-1
826,218,221,1.9,10,100,2.9,-1
827,218,222,1.7,6,150,2.4,-1
828,218,230,3.4,7,115,1.9,-1
829,219,223,2.5,2,110,1.8,-1
830,219,239,3.1,10,115,2.3,-1
831,219,281,1.6,5,125,2.4,-1
832,220,222,1.8,8,120,2.6,-1
833,220,223,1.6,5,150,2.3,-1
834,220,225,2.6,0,120,1.5,-1
835,220,231,2.5,7,115,2.2,-1
836,221,222,3.3,7,150,1.8,-1
837,221,227,2.4,3,150,1.8,-1
838,221,229,3.2,4,140,1.6,-1
839,221,240,3.1,1,105,1.4,-1
840,222,225,2.6,0,115,1.5,-1
841,222,226,1.6,8,100,2.8,-1
842,222,228,1.8,9,150,2.6,-1
843,222,235,2.9,2,115,1.6,-1
844,223,224,2.2,6,100,2.3,-1
845,223,232,1.9,6,140,2.3,-1
846,223,234,3.4,5,125,1.6,-1
847,224,244,2.6,8,145,2.2,-1
848,224,251,2.6,3,145,1.7,-1
849,225,226,2.7,3,115,1.8,-1
850,225,229,3.0,7,105,2.1,-1
851,225,243,3.2,4,115,1.6,-1
852,225,249,2.8,5,105,2.0,-1
853,226,228,1.9,7,110,2.5,-1
854,226,231,3.4,0,105,1.2,-1
855,226,240,2.0,5,115,2.3,-1
856,227,234,3.0,8,150,2.0,-1
857,227,245,2.9,4,140,1.7,-1
858,227,257,3.3,4,110,1.6,-1
859,228,231,1.5,9,100,2.9,-1
860,228,234,2.6,2,145,1.6,-1
861,228,240,1.6,3,120,2.2,-1
862,228,244,2.9,8,110,2.2,-1
863,229,233,3.0,0,120,1.3,-1
864,229,238,3.5,0,130,1.1,-1
865,230,232,3.0,8,120,2.1,-1
866,230,235,2.1,6,100,2.4,-1
867,230,248,1.6,8,110,2.7,-1
868,230,256,3.3,10,135,2.1,-1
869,231,232,2.0,3,105,2.1,-1
870,231,233,1.5,2,125,2.1,-1
871,231,236,3.4,7,140,1.8,-1
872,231,241,3.3,7,120,1.9,-1
873,232,234,1.8,4,145,2.1,-1
874,232,236,3.3,3,110,1.5,-1
875,232,262,1.9,3,130,2.1,-1
876,232,283,1.9,4,145,2.1,-1
877,233,236,2.2,2,115,1.9,-1
878,233,238,3.2,4,145,1.5,-1
879,233,264,2.7,6,135,2.0,-1
880,234,238,2.8,8,150,2.1,-1
881,234,241,2.8,5,140,1.8,-1
882,234,245,3.1,9,150,2.1,-1
883,234,248,2.2,10,110,2.7,-1
884,234,264,2.2,10,145,2.6,-1
885,235,238,3.5,10,120,2.1,-1
886,235,239,3.0,6,130,1.9,-1
887,235,250,2.7,4,140,1.8,-1
888,235,289,1.7,2,105,2.1,-1
889,236,237,1.7,10,115,2.9,-1
890,236,239,1.7,5,145,2.3,-1
891,236,241,2.8,0,140,1.3,-1
892,236,243,2.6,2,100,1.8,-1
893,236,244,1.9,8,110,2.6,-1
894,236,247,1.6,1,130,2.0,-1
895,236,254,2.0,2,125,1.9,-1
896,236,257,2.7,0,140,1.4,-1
897,236,274,3.3,2,140,1.3,-1
898,237,238,1.7,0,140,1.8,-1
899,237,240,2.2,6,115,2.3,-1
900,237,247,3.0,6,115,1.9,-1
901,237,270,1.5,7,140,2.6,-1
902,238,239,3.4,7,115,1.9,-1
903,238,241,2.1,2,150,1.8,-1
904,238,244,1.7,1,110,2.0,-1
905,238,245,3.2,2,135,1.4,-1
906,238,249,1.7,0,135,1.8,-1
907,239,245,2.1,2,140,1.8,-1
908,239,262,1.7,0,140,1.8,-1
909,240,241,2.5,7,110,2.3,-1
910,240,243,2.4,4,135,1.9,-1
911,240,253,1.9,5,110,2.3,-1
912,240,270,2.0,6,135,2.3,-1
913,241,245,3.4,1,110,1.3,-1
914,241,257,3.1,6,145,1.8,-1
915,242,244,3.2,7,150,1.8,-1
916,242,247,2.6,10,150,2.4,-1
917,242,250,2.9,6,115,2.0,-1
918,242,263,2.0,5,150,2.1,-1
919,243,244,1.9,2,120,2.0,-1
920,243,249,1.9,4,145,2.1,-1
921,243,251,2.9,9,115,2.3,-1
922,243,253,3.0,9,135,2.2,-1
923,243,258,3.3,4,145,1.5,-1
924,243,260,2.4,0,140,1.5,-1
925,244,249,2.8,6,110,2.0,-1
926,244,252,1.9,10,135,2.7,-1
927,244,261,3.5,5,100,1.7,-1
928,245,246,3.0,7,140,1.9,-1
929,245,247,1.6,7,140,2.5,-1
930,245,248,2.0,9,130,2.6,-1
931,245,253,1.9,6,115,2.4,-1
932,246,247,2.6,8,120,2.3,-1
933,246,248,1.7,10,150,2.8,-1
934,246,251,2.3,10,145,2.5,-1
935,246,253,2.9,8,140,2.1,-1
936,246,254,3.1,3,145,1.5,-1
937,247,250,3.2,1,105,1.4,-1
938,247,255,2.7,1,130,1.5,-1
939,247,257,3.1,2,125,1.5,-1
940,247,260,2.9,0,115,1.4,-1
941,247,261,2.0,3,145,2.0,-1
942,248,251,1.7,9,105,2.8,-1
943,248,253,2.1,3,135,2.0,-1
944,248,258,3.1,4,100,1.7,-1
945,248,259,2.8,8,120,2.2,-1
946,248,263,1.8,7,140,2.5,-1
947,249,261,1.6,10,100,3.0,-1
948,249,295,2.0,1,100,1.9,-1
949,250,251,1.8,2,145,1.9,-1
950,250,262,2.8,6,105,2.1,-1
951,251,253,2.8,3,145,1.6,-1
952,251,254,3.0,7,115,2.0,-1
953,251,255,1.6,4,120,2.3,-1
954,251,258,2.5,3,130,1.8,-1
955,251,259,1.5,6,125,2.5,-1
956,251,286,1.9,8,110,2.6,-1
957,252,254,3.0,8,125,2.1,-1
958,252,256,3.1,10,100,2.3,-1
959,252,259,2.6,0,135,1.4,-1
960,252,262,2.3,10,125,2.6,-1
961,252,263,2.0,6,120,2.3,-1
962,252,267,2.0,1,130,1.8,-1
963,252,272,1.9,3,125,2.1,-1
964,252,281,2.7,3,105,1.8,-1
965,253,254,3.4,10,140,2.1,-1
966,253,255,2.2,1,110,1.8,-1
967,253,256,2.9,1,105,1.5,-1
968,253,260,2.1,9,145,2.5,-1
969,253,301,3.0,2,150,1.4,-1
970,254,255,1.9,7,125,2.5,-1
971,254,256,2.4,4,110,2.0,-1
972,254,259,3.2,8,105,2.1,-1
973,254,264,2.2,8,150,2.4,-1
974,254,267,2.8,8,150,2.1,-1
975,254,272,2.6,8,115,2.3,-1
976,254,277,3.2,9,140,2.1,-1
977,254,278,1.9,3,125,2.1,-1
978,255,256,2.6,9,145,2.3,-1
979,255,258,2.5,3,115,1.8,-1
980,255,262,2.5,4,115,1.9,-1
981,255,263,2.8,10,135,2.4,-1
982,255,267,2.4,10,100,2.6,-1
983,255,279,1.9,8,150,2.5,-1
984,256,257,2.4,0,120,1.6,-1
985,256,258,2.7,4,110,1.9,-1
986,256,264,2.5,6,120,2.1,-1
987,256,265,1.6,3,105,2.3,-1
988,257,259,2.4,0,150,1.5,-1
989,257,260,1.8,9,115,2.7,-1
990,257,263,2.6,8,145,2.2,-1
991,257,264,2.5,9,120,2.4,-1
992,257,266,3.3,6,100,1.9,-1
993,257,268,3.1,5,130,1.7,-1
994,257,278,2.9,3,135,1.6,-1
995,257,281,1.8,7,150,2.4,-1
996,258,261,2.2,5,105,2.2,-1
997,258,263,2.9,5,120,1.9,-1
998,258,267,2.9,3,100,1.7,-1
999,258,268,3.1,8,115,2.1,-1
1000,258,285,1.6,6,120,2.5,-1
1001,258,287,1.5,4,100,2.4,-1
1002,259,273,2.5,7,150,2.1,-1
1003,260,261,2.9,8,150,2.1,-1
1004,260,272,2.9,4,145,1.7,-1
1005,260,283,1.6,3,125,2.2,-1
1006,260,285,2.7,10,120,2.4,-1
1007,261,265,2.2,4,105,2.1,-1
1008,261,266,2.8,1,105,1.6,-1
1009,261,271,3.3,4,115,1.6,-1
1010,261,276,3.4,9,120,2.0,-1
1011,261,308,2.2,3,150,1.9,-1
1012,263,264,3.1,2,100,1.5,-1
1013,263,270,2.8,1,105,1.6,-1
1014,263,271,3.1,4,115,1.7,-1
1015,263,272,2.4,5,135,2.0,-1
1016,263,288,3.3,6,125,1.8,-1
1017,264,265,2.5,8,135,2.3,-1
1018,264,267,3.1,3,115,1.6,-1
1019,264,281,2.8,9,140,2.2,-1
1020,265,271,3.1,7,130,1.9,-1
1021,265,291,2.0,0,135,1.7,-1
1022,266,267,1.6,1,105,2.1,-1
1023,266,268,2.8,0,110,1.4,-1
1024,266,270,2.4,1,120,1.7,-1
1025,266,273,2.3,7,125,2.3,-1
1026,267,268,2.1,9,110,2.6,-1
1027,267,269,3.2,1,140,1.3,-1
1028,267,272,1.9,5,125,2.3,-1
1029,268,269,2.9,3,145,1.6,-1
1030,268,270,3.0,9,120,2.2,-1
1031,268,275,2.3,1,145,1.6,-1
1032,268,297,3.1,2,105,1.5,-1
1033,269,272,3.4,3,105,1.5,-1
1034,269,273,2.4,5,115,2.1,-1
1035,269,277,2.8,0,105,1.5,-1
1036,269,281,2.4,2,115,1.8,-1
1037,269,283,2.9,1,100,1.5,-1
1038,269,286,2.5,0,140,1.5,-1
1039,270,284,3.5,0,120,1.1,-1
1040,271,276,2.2,8,150,2.4,-1
1041,271,279,2.6,6,105,2.1,-1
1042,271,283,3.5,2,140,1.2,-1
1043,272,274,3.0,9,140,2.1,-1
1044,272,277,2.7,1,140,1.5,-1
1045,272,279,3.4,8,105,2.0,-1
1046,273,276,1.8,8,115,2.6,-1
1047,273,294,3.0,8,140,2.0,-1
1048,273,301,2.1,0,115,1.7,-1
1049,274,275,3.4,5,100,1.7,-1
1050,274,276,3.0,3,125,1.6,-1
1051,274,285,2.7,6,125,2.0,-1
1052,275,276,1.5,8,125,2.7,-1
1053,275,277,1.6,8,120,2.7,-1
1054,275,278,2.1,9,125,2.6,-1
1055,275,279,2.6,4,140,1.8,-1
1056,275,283,2.7,8,150,2.1,-1
1057,275,284,1.7,7,140,2.5,-1
1058,275,286,2.8,0,135,1.4,-1
1059,276,280,2.0,1,130,1.8,-1
1060,276,281,2.0,10,130,2.7,-1
1061,276,283,2.8,6,130,2.0,-1
1062,277,282,2.8,10,100,2.5,-1
1063,277,283,2.8,0,130,1.4,-1
1064,277,287,2.5,8,110,2.4,-1
1065,278,280,1.6,5,120,2.4,-1
1066,278,292,2.2,9,115,2.6,-1
1067,279,280,2.6,8,125,2.3,-1
1068,279,281,2.1,7,100,2.5,-1
1069,280,281,2.8,1,120,1.5,-1
1070,280,286,3.2,2,150,1.3,-1
1071,280,289,2.2,10,150,2.6,-1
1072,280,297,2.1,9,110,2.6,-1
1073,281,287,3.1,10,115,2.3,-1
1074,281,291,2.8,1,115,1.5,-1
1075,282,288,2.2,5,125,2.1,-1
1076,282,289,2.8,7,150,2.0,-1
1077,282,295,3.2,10,125,2.2,-1
1078,282,300,2.5,8,140,2.3,-1
1079,283,285,2.3,4,120,2.0,-1
1080,283,287,2.4,0,135,1.5,-1
1081,283,297,2.7,9,135,2.3,-1
1082,284,288,3.2,6,130,1.8,-1
1083,284,296,1.8,1,125,1.9,-1
1084,284,297,2.3,2,110,1.8,-1
1085,285,286,1.7,5,120,2.4,-1
1086,285,290,3.1,5,135,1.7,-1
1087,285,291,3.1,8,120,2.1,-1
1088,287,288,2.5,6,100,2.2,-1
1089,287,290,1.8,5,120,2.3,-1
1090,287,291,3.1,0,150,1.2,-1
1091,287,307,1.8,0,105,1.9,-1
1092,287,311,3.1,8,125,2.1,-1
1093,288,291,2.9,2,145,1.5,-1
1094,288,293,2.7,1,145,1.5,-1
1095,288,318,2.1,2,135,1.9,-1
1096,289,291,3.3,10,140,2.1,-1
1097,289,297,2.5,8,110,2.4,-1
1098,289,305,1.9,1,135,1.8,-1
1099,290,291,1.9,7,125,2.5,-1
1100,290,293,2.0,4,150,2.0,-1
1101,290,295,3.4,10,105,2.2,-1
1102,290,296,2.9,8,105,2.2,-1
1103,290,301,1.6,10,135,2.9,-1
1104,290,315,2.4,7,140,2.2,-1
1105,290,319,1.9,4,110,2.2,-1
1106,290,323,2.4,0,150,1.5,-1
1107,291,292,1.9,5,120,2.3,-1
1108,291,296,2.3,8,115,2.4,-1
1109,291,301,3.0,3,135,1.6,-1
1110,291,307,2.3,7,115,2.3,-1
1111,292,294,2.2,3,145,1.9,-1
1112,292,296,2.2,6,130,2.2,-1
1113,292,301,1.8,6,110,2.5,-1
1114,292,303,3.4,5,105,1.7,-1
1115,292,304,2.2,6,120,2.3,-1
1116,292,328,3.2,6,100,1.9,-1
1117,293,295,1.9,3,115,2.1,-1
1118,293,296,2.8,7,105,2.2,-1
1119,293,298,2.8,5,120,1.9,-1
1120,294,296,2.2,10,150,2.6,-1
1121,294,298,3.2,1,150,1.2,-1
1122,294,302,2.3,0,135,1.6,-1
1123,294,304,2.4,8,150,2.3,-1
1124,294,311,1.7,6,150,2.4,-1
1125,294,314,3.3,3,115,1.5,-1
1126,295,306,2.5,7,125,2.2,-1
1127,295,311,1.8,10,130,2.8,-1
1128,295,350,1.8,5,145,2.2,-1
1129,296,297,2.8,3,120,1.7,-1
1130,296,298,3.0,3,140,1.5,-1
1131,296,312,1.8,7,110,2.6,-1
1132,296,319,2.4,6,125,2.2,-1
1133,296,321,1.9,2,135,1.9,-1
1134,297,299,1.8,5,130,2.3,-1
1135,297,303,2.9,9,150,2.2,-1
1136,297,305,2.9,3,140,1.6,-1
1137,297,326,3.3,4,110,1.6,-1
1138,298,299,3.1,8,135,2.0,-1
1139,298,300,2.5,10,125,2.5,-1
1140,298,301,2.6,0,100,1.6,-1
1141,298,302,1.6,5,110,2.4,-1
1142,298,304,2.9,0,135,1.3,-1
1143,298,316,2.7,6,110,2.1,-1
1144,299,301,1.5,7,135,2.6,-1
1145,299,304,1.7,2,100,2.1,-1
1146,299,306,2.8,1,105,1.6,-1
1147,299,335,2.9,3,120,1.7,-1
1148,300,303,3.5,10,145,2.0,-1
1149,300,307,3.4,6,150,1.6,-1
1150,300,308,1.5,6,145,2.5,-1
1151,300,321,3.4,9,140,2.0,-1
1152,300,323,2.2,7,125,2.3,-1
1153,301,302,1.8,3,140,2.1,-1
1154,301,305,3.3,6,100,1.9,-1
1155,301,311,3.4,7,115,1.9,-1
1156,301,318,3.2,0,130,1.2,-1
1157,301,322,2.6,5,110,2.0,-1
1158,302,304,2.5,6,125,2.1,-1
1159,302,310,2.4,8,105,2.4,-1
1160,302,311,1.9,6,105,2.4,-1
1161,302,312,1.8,9,145,2.6,-1
1162,302,345,1.6,0,140,1.8,-1
1163,303,304,2.9,0,130,1.3,-1
1164,303,306,3.5,9,140,1.9,-1
1165,303,307,3.2,4,100,1.7,-1
1166,303,309,1.8,2,150,1.9,-1
1167,303,315,1.9,1,115,1.9,-1
1168,303,316,2.1,1,100,1.9,-1
1169,303,328,2.5,3,100,1.9,-1
1170,304,305,1.7,9,140,2.7,-1
1171,304,306,2.7,6,105,2.1,-1
1172,304,310,3.0,10,105,2.4,-1
1173,304,312,1.8,10,125,2.8,-1
1174,304,315,2.3,5,140,2.0,-1
1175,304,325,2.3,5,120,2.1,-1
1176,305,307,2.5,1,135,1.6,-1
1177,305,308,1.9,10,125,2.8,-1
1178,305,322,1.9,6,140,2.3,-1
1179,305,324,1.5,0,130,1.9,-1
1180,306,317,2.9,5,135,1.8,-1
1181,307,308,1.6,1,110,2.0,-1
1182,307,311,2.4,1,110,1.7,-1
1183,307,326,1.8,8,105,2.7,-1
1184,308,309,2.2,10,100,2.7,-1
1185,308,323,2.1,7,135,2.4,-1
1186,309,311,2.7,0,105,1.5,-1
1187,309,315,3.0,2,115,1.5,-1
1188,310,311,2.7,7,100,2.2,-1
1189,310,312,1.8,10,120,2.8,-1
1190,310,316,2.4,4,105,2.0,-1
1191,311,314,2.8,1,130,1.5,-1
1192,311,315,2.0,4,105,2.2,-1
1193,311,319,2.3,2,105,1.9,-1
1194,311,322,3.4,2,140,1.3,-1
1195,312,313,2.2,9,125,2.5,-1
1196,313,314,2.9,1,120,1.5,-1
1197,313,316,2.3,8,100,2.5,-1
1198,313,317,2.0,0,115,1.8,-1
1199,313,322,1.8,1,115,1.9,-1
1200,313,324,2.6,3,100,1.9,-1
1201,313,330,1.9,2,110,2.0,-1
1202,313,339,3.0,6,135,1.9,-1
1203,313,347,2.9,8,140,2.1,-1
1204,314,320,1.7,1,145,1.9,-1
1205,314,322,3.3,1,105,1.3,-1
1206,314,323,2.4,0,130,1.5,-1
1207,314,324,3.4,4,125,1.5,-1
1208,314,331,2.2,6,140,2.2,-1
1209,315,316,2.6,2,150,1.6,-1
1210,315,321,2.1,8,115,2.5,-1
1211,315,332,2.9,6,105,2.0,-1
1212,316,318,3.1,10,120,2.3,-1
1213,316,323,2.0,4,105,2.2,-1
1214,316,328,2.9,10,130,2.3,-1
1215,316,330,2.5,8,115,2.3,-1
1216,316,341,2.0,6,150,2.2,-1
1217,317,318,3.3,8,150,1.9,-1
1218,317,321,2.3,10,145,2.5,-1
1219,317,328,2.9,8,130,2.1,-1
1220,317,337,2.2,2,125,1.8,-1
1221,318,355,3.4,0,120,1.1,-1
1222,319,320,1.6,3,150,2.1,-1
1223,319,323,1.5,8,110,2.8,-1
1224,319,328,2.5,2,130,1.7,-1
1225,319,330,3.5,2,140,1.2,-1
1226,320,327,2.6,4,150,1.8,-1
1227,320,328,1.7,1,140,1.9,-1
1228,320,340,3.4,4,130,1.5,-1
1229,321,322,2.1,3,145,1.9,-1
1230,321,326,2.0,8,125,2.5,-1
1231,322,324,2.9,2,100,1.6,-1
1232,323,327,3.3,10,115,2.2,-1
1233,323,331,3.3,1,145,1.2,-1
1234,323,336,2.3,4,140,1.9,-1
1235,323,342,3.3,8,100,2.1,-1
1236,323,382,1.7,5,145,2.3,-1
1237,325,331,3.2,4,115,1.6,-1
1238,325,342,2.5,7,100,2.3,-1
1239,326,333,3.1,2,110,1.5,-1
1240,326,336,3.4,3,100,1.5,-1
1241,326,344,2.8,1,115,1.5,-1
1242,328,335,2.9,3,100,1.7,-1
1243,328,348,2.6,1,150,1.5,-1
1244,328,384,3.2,1,150,1.2,-1
1245,329,330,3.2,2,140,1.4,-1
1246,329,334,3.1,7,115,2.0,-1
1247,329,359,2.1,7,105,2.5,-1
1248,330,332,1.6,6,120,2.5,-1
1249,330,340,3.4,5,145,1.6,-1
1250,330,345,1.9,0,100,1.9,-1
1251,331,334,1.6,9,115,2.8,-1
1252,331,336,2.4,0,145,1.5,-1
1253,331,362,3.1,5,115,1.8,-1
1254,332,335,2.3,3,115,1.9,-1
1255,332,338,3.3,2,110,1.4,-1
1256,332,345,2.6,0,105,1.5,-1
1257,332,365,3.3,8,150,1.9,-1
1258,333,336,3.4,9,125,2.0,-1
1259,333,337,1.6,7,140,2.5,-1
1260,333,342,2.3,0,110,1.6,-1
1261,333,359,2.9,4,140,1.7,-1
1262,334,336,3.0,6,145,1.8,-1
1263,334,337,3.4,4,140,1.5,-1
1264,335,339,2.0,4,125,2.1,-1
1265,335,341,2.1,2,135,1.9,-1
1266,335,344,3.4,4,100,1.6,-1
1267,336,338,2.4,8,105,2.4,-1
1268,336,340,1.5,9,110,2.9,-1
1269,337,338,2.8,4,145,1.7,-1
1270,337,339,1.8,0,115,1.8,-1
1271,337,340,3.3,7,105,1.9,-1
1272,337,342,1.5,7,125,2.6,-1
1273,337,365,3.1,10,130,2.2,-1
1274,338,339,3.4,3,115,1.5,-1
1275,338,346,2.0,8,135,2.5,-1
1276,338,348,1.7,0,105,1.9,-1
1277,338,356,2.2,2,105,1.9,-1
1278,339,342,1.7,9,135,2.7,-1
1279,339,344,2.9,8,110,2.2,-1
1280,339,345,3.3,0,110,1.2,-1
1281,339,348,3.3,0,140,1.1,-1
1282,339,352,2.0,0,135,1.7,-1
1283,340,342,2.8,7,120,2.1,-1
1284,340,343,2.9,1,140,1.4,-1
1285,340,344,1.6,5,135,2.4,-1
1286,340,356,3.1,3,100,1.6,-1
1287,341,342,3.1,8,145,2.0,-1
1288,341,343,2.6,9,145,2.3,-1
1289,341,344,1.7,7,150,2.5,-1
1290,341,345,3.4,3,135,1.4,-1
1291,341,348,2.5,3,105,1.9,-1
1292,341,349,2.9,2,140,1.5,-1
1293,342,343,3.2,7,125,1.9,-1
1294,342,354,2.6,5,140,1.9,-1
1295,343,345,1.9,9,110,2.7,-1
1296,343,349,1.9,1,150,1.8,-1
1297,343,351,1.8,3,115,2.1,-1
1298,343,352,3.0,4,105,1.8,-1
1299,343,362,3.3,2,120,1.4,-1
1300,344,347,3.2,10,125,2.2,-1
1301,344,348,2.2,5,105,2.2,-1
1302,344,349,2.3,7,150,2.2,-1
1303,344,351,3.4,2,130,1.3,-1
1304,344,380,1.7,1,110,2.0,-1
1305,345,349,2.8,6,130,2.0,-1
1306,345,351,2.4,4,110,2.0,-1
1307,346,351,1.9,0,120,1.8,-1
1308,346,361,2.9,1,110,1.5,-1
1309,347,355,3.3,3,150,1.4,-1
1310,347,363,3.1,0,150,1.2,-1
1311,348,349,2.4,10,125,2.6,-1
1312,348,352,1.9,1,140,1.8,-1
1313,348,360,2.2,8,150,2.4,-1
1314,348,409,2.2,6,150,2.2,-1
1315,349,355,1.6,9,145,2.7,-1
1316,349,387,3.1,6,120,1.9,-1
1317,350,358,2.3,5,120,2.1,-1
1318,350,361,2.7,2,135,1.6,-1
1319,350,363,1.9,8,135,2.5,-1
1320,350,366,3.4,1,110,1.3,-1
1321,350,381,1.9,3,135,2.0,-1
1322,351,353,1.5,9,135,2.8,-1
1323,351,354,2.1,6,130,2.3,-1
1324,351,358,2.9,6,145,1.9,-1
1325,351,361,2.2,1,125,1.7,-1
1326,351,377,3.4,10,125,2.1,-1
1327,352,353,3.5,8,105,1.9,-1
1328,352,363,2.0,7,150,2.3,-1
1329,352,366,1.9,4,120,2.2,-1
1330,352,372,2.6,6,115,2.1,-1
1331,352,380,2.6,5,130,2.0,-1
1332,353,355,1.8,1,125,1.9,-1
1333,353,373,3.2,0,150,1.1,-1
1334,353,379,2.9,7,115,2.1,-1
1335,354,355,1.9,0,135,1.7,-1
1336,354,360,1.7,10,125,2.9,-1
1337,355,356,2.6,3,130,1.8,-1
1338,355,357,2.4,8,120,2.4,-1
1339,355,359,2.0,10,105,2.8,-1
1340,355,365,3.4,5,145,1.6,-1
1341,355,378,2.6,10,140,2.4,-1
1342,355,385,2.7,5,150,1.8,-1
1343,356,357,3.4,7,120,1.8,-1
1344,356,363,2.9,0,105,1.4,-1
1345,356,367,1.5,6,110,2.6,-1
1346,356,368,1.7,3,130,2.1,-1
1347,357,359,2.2,7,100,2.4,-1
1348,357,360,2.2,8,115,2.5,-1
1349,357,361,3.0,7,130,2.0,-1
1350,357,370,2.8,9,115,2.3,-1
1351,357,395,1.6,0,120,1.9,-1
1352,358,360,1.8,1,120,1.9,-1
1353,358,363,3.3,10,135,2.1,-1
1354,358,366,2.7,8,120,2.2,-1
1355,358,369,2.9,4,145,1.7,-1
1356,358,403,2.7,3,145,1.7,-1
1357,359,360,3.0,1,110,1.4,-1
1358,359,363,3.5,6,135,1.6,-1
1359,359,365,3.0,8,105,2.2,-1
1360,359,381,3.4,5,110,1.7,-1
1361,359,387,2.1,3,125,2.0,-1
1362,359,399,2.5,3,150,1.7,-1
1363,361,363,2.0,7,120,2.4,-1
1364,361,365,2.1,7,135,2.4,-1
1365,361,370,3.0,0,110,1.3,-1
1366,361,383,1.8,1,140,1.9,-1
1367,362,364,3.1,4,110,1.7,-1
1368,362,366,2.9,3,115,1.7,-1
1369,363,365,2.9,10,115,2.4,-1
1370,363,385,2.5,1,140,1.6,-1
1371,363,386,2.4,9,150,2.4,-1
1372,364,367,2.0,2,115,2.0,-1
1373,364,370,1.5,2,100,2.2,-1
1374,365,367,1.8,8,105,2.7,-1
1375,365,371,3.0,0,135,1.3,-1
1376,365,372,1.7,9,140,2.7,-1
1377,365,374,2.0,4,150,2.0,-1
1378,365,379,2.7,7,115,2.2,-1
1379,365,397,1.7,8,110,2.7,-1
1380,365,399,2.8,1,150,1.4,-1
1381,366,368,1.8,4,110,2.3,-1
1382,366,375,2.9,7,140,2.0,-1
1383,366,377,2.6,1,135,1.5,-1
1384,366,390,1.9,10,135,2.7,-1
1385,367,368,2.0,8,130,2.5,-1
1386,367,370,1.7,1,145,1.9,-1
1387,367,373,3.4,6,150,1.6,-1
1388,367,381,3.3,6,150,1.7,-1
1389,367,405,2.4,9,140,2.4,-1
1390,368,369,1.5,10,110,3.0,-1
1391,369,376,3.5,4,115,1.5,-1
1392,369,384,2.9,8,115,2.2,-1
1393,369,392,2.7,5,100,2.0,-1
1394,370,372,2.3,3,125,1.9,-1
1395,370,373,2.9,2,130,1.5,-1
1396,370,378,3.3,4,125,1.6,-1
1397,370,431,2.4,9,120,2.5,-1
1398,371,379,2.6,8,115,2.3,-1
1399,372,377,3.1,2,125,1.5,-1
1400,372,378,1.6,2,150,2.0,-1
1401,373,380,1.6,3,140,2.1,-1
1402,373,384,2.2,5,125,2.1,-1
1403,373,391,3.5,3,120,1.4,-1
1404,374,375,3.2,4,145,1.5,-1
1405,374,376,1.6,8,120,2.7,-1
1406,374,377,1.6,9,130,2.8,-1
1407,374,414,3.3,10,110,2.2,-1
1408,375,376,2.0,2,135,1.9,-1
1409,375,388,2.4,3,150,1.8,-1
1410,376,378,1.8,0,115,1.8,-1
1411,376,379,2.1,7,105,2.5,-1
1412,376,396,2.9,6,140,1.9,-1
1413,377,379,2.2,3,150,1.9,-1
1414,377,382,3.4,1,130,1.2,-1
1415,377,388,3.1,8,100,2.1,-1
1416,377,391,1.5,3,130,2.2,-1
1417,377,392,3.4,1,130,1.2,-1
1418,377,393,2.6,2,125,1.7,-1
1419,378,381,2.4,3,105,1.9,-1
1420,378,383,2.1,10,150,2.6,-1
1421,378,384,2.6,7,115,2.2,-1
1422,379,381,2.1,10,130,2.7,-1
1423,379,390,3.5,3,140,1.3,-1
1424,379,395,1.8,7,140,2.5,-1
1425,379,403,2.4,8,135,2.3,-1
1426,380,381,3.4,3,105,1.5,-1
1427,380,406,2.8,8,140,2.1,-1
1428,381,382,2.8,9,130,2.3,-1
1429,381,384,2.5,8,130,2.3,-1
1430,381,400,2.7,8,150,2.1,-1
1431,381,404,2.9,6,135,1.9,-1
1432,381,414,2.8,2,100,1.7,-1
1433,382,383,2.9,6,150,1.9,-1
1434,382,384,3.1,0,145,1.2,-1
1435,382,395,2.4,9,125,2.5,-1
1436,382,398,1.9,10,100,2.9,-1
1437,383,385,1.6,0,145,1.8,-1
1438,383,392,2.3,2,145,1.7,-1
1439,383,393,2.9,1,120,1.5,-1
1440,383,394,1.8,6,115,2.4,-1
1441,383,395,2.3,4,110,2.0,-1
1442,383,397,2.8,3,140,1.6,-1
1443,383,400,2.4,1,135,1.6,-1
1444,383,410,3.4,6,120,1.7,-1
1445,383,427,2.4,5,100,2.1,-1
1446,384,386,3.1,2,110,1.5,-1
1447,384,387,2.4,3,100,1.9,-1
1448,384,393,2.6,4,100,2.0,-1
1449,384,399,2.1,0,140,1.6,-1
1450,384,404,3.4,8,135,1.9,-1
1451,384,423,1.8,2,150,1.9,-1
1452,385,387,2.2,9,115,2.6,-1
1453,385,388,2.9,5,125,1.8,-1
1454,385,390,2.1,4,150,2.0,-1
1455,385,394,2.3,6,130,2.2,-1
1456,385,397,3.4,4,125,1.5,-1
1457,386,389,2.5,0,150,1.4,-1
1458,386,393,3.4,0,125,1.1,-1
1459,387,389,3.2,2,100,1.5,-1
1460,387,392,2.2,7,135,2.3,-1
1461,388,390,1.8,4,135,2.2,-1
1462,388,394,2.9,7,115,2.1,-1
1463,388,400,2.9,10,135,2.3,-1
1464,389,391,2.6,8,145,2.2,-1
1465,389,395,2.9,0,130,1.3,-1
1466,389,397,1.5,1,125,2.0,-1
1467,389,438,2.1,1,100,1.9,-1
1468,390,392,2.0,10,125,2.7,-1
1469,390,396,3.0,9,130,2.2,-1
1470,390,397,3.2,1,125,1.3,-1
1471,391,394,2.2,3,150,1.9,-1
1472,391,396,2.7,5,110,2.0,-1
1473,391,400,3.1,1,140,1.3,-1
1474,391,405,3.0,3,145,1.5,-1
1475,392,394,2.0,2,135,1.9,-1
1476,392,398,1.6,0,110,1.9,-1
1477,392,407,1.7,7,105,2.6,-1
1478,393,398,2.6,9,145,2.3,-1
1479,393,400,1.5,9,125,2.8,-1
1480,393,402,2.0,4,105,2.2,-1
1481,393,405,2.7,6,135,2.0,-1
1482,393,409,1.7,6,125,2.5,-1
1483,393,413,1.7,8,100,2.7,-1
1484,393,417,1.9,10,140,2.7,-1
1485,394,396,2.8,2,105,1.7,-1
1486,394,397,2.2,5,115,2.2,-1
1487,394,427,1.9,6,135,2.3,-1
1488,395,396,3.0,7,145,1.9,-1
1489,395,404,3.0,9,105,2.3,-1
1490,395,408,2.3,5,100,2.2,-1
1491,395,447,1.5,3,150,2.2,-1
1492,397,400,2.7,10,115,2.5,-1
1493,397,401,1.6,3,110,2.2,-1
1494,397,403,2.0,2,120,1.9,-1
1495,397,406,1.9,9,120,2.7,-1
1496,397,410,3.3,9,125,2.1,-1
1497,397,415,2.4,2,150,1.7,-1
1498,397,424,2.7,4,100,1.9,-1
1499,398,399,2.2,4,140,2.0,-1
1500,398,401,2.6,6,130,2.1,-1
1501,398,434,2.0,3,115,2.1,-1
1502,399,403,2.4,8,125,2.4,-1
1503,399,404,2.6,3,140,1.7,-1
1504,399,405,2.7,4,100,1.9,-1
1505,400,402,3.4,8,125,1.9,-1
1506,400,406,2.6,0,150,1.4,-1
1507,400,409,2.7,6,120,2.0,-1
1508,401,421,2.9,5,130,1.8,-1
1509,402,403,1.6,9,105,2.9,-1
1510,402,408,3.1,4,150,1.6,-1
1511,402,417,2.1,7,115,2.4,-1
1512,403,404,2.0,5,105,2.3,-1
1513,403,408,3.0,4,135,1.7,-1
1514,403,422,2.3,1,140,1.6,-1
1515,403,442,2.9,4,105,1.8,-1
1516,404,409,2.5,8,120,2.3,-1
1517,404,419,2.9,10,145,2.3,-1
1518,405,408,3.3,0,110,1.2,-1
1519,405,447,2.8,10,110,2.4,-1
1520,406,413,3.4,9,125,2.0,-1
1521,407,409,3.1,4,105,1.7,-1
1522,407,410,1.6,0,150,1.8,-1
1523,407,413,2.1,6,110,2.3,-1
1524,408,409,3.1,0,110,1.3,-1
1525,408,411,1.7,0,130,1.8,-1
1526,408,424,1.9,10,105,2.8,-1
1527,408,428,2.5,9,110,2.5,-1
1528,408,442,2.9,6,135,1.9,-1
1529,409,410,2.9,2,105,1.6,-1
1530,409,420,3.4,10,115,2.2,-1
1531,409,423,2.3,8,130,2.4,-1
1532,409,425,1.8,6,145,2.3,-1
1533,409,427,3.3,1,150,1.2,-1
1534,409,432,2.9,5,135,1.8,-1
1535,410,415,2.6,1,140,1.5,-1
1536,410,416,1.9,7,130,2.5,-1
1537,410,422,2.3,4,100,2.1,-1
1538,410,425,2.4,8,105,2.4,-1
1539,410,436,3.2,1,100,1.4,-1
1540,411,413,2.4,2,130,1.7,-1
1541,411,420,3.4,2,110,1.4,-1
1542,411,427,2.2,9,120,2.6,-1
1543,411,437,3.4,5,100,1.7,-1
1544,411,443,3.5,5,110,1.6,-1
1545,412,414,2.6,2,125,1.7,-1
1546,412,454,2.5,3,125,1.8,-1
1547,413,419,3.3,0,140,1.1,-1
1548,413,424,3.0,0,115,1.3,-1
1549,413,426,3.2,10,120,2.2,-1
1550,413,438,2.6,1,130,1.6,-1
1551,414,415,2.6,4,115,1.9,-1
1552,414,418,1.6,5,135,2.4,-1
1553,414,422,3.3,6,130,1.8,-1
1554,414,426,2.0,9,115,2.7,-1
1555,414,431,2.7,1,135,1.5,-1
1556,414,432,3.1,2,145,1.4,-1
1557,414,434,2.5,6,115,2.1,-1
1558,415,417,2.9,4,125,1.7,-1
1559,415,431,1.9,7,145,2.4,-1
1560,416,437,1.9,7,150,2.4,-1
1561,417,424,3.2,9,130,2.1,-1
1562,417,426,2.5,6,110,2.2,-1
1563,417,427,2.7,7,135,2.1,-1
1564,417,431,2.2,0,120,1.7,-1
1565,417,438,3.4,6,130,1.7,-1
1566,417,440,2.7,9,145,2.3,-1
1567,418,423,2.1,1,135,1.8,-1
1568,418,427,2.9,5,100,1.9,-1
1569,418,432,2.7,10,125,2.4,-1
1570,419,421,2.3,0,115,1.6,-1
1571,419,424,1.9,8,145,2.5,-1
1572,419,429,2.4,9,100,2.5,-1
1573,419,430,2.8,3,135,1.7,-1
1574,419,432,1.8,8,135,2.6,-1
1575,419,437,2.9,6,125,1.9,-1
1576,419,444,3.0,0,150,1.2,-1
1577,420,424,3.2,3,140,1.5,-1
1578,420,426,2.6,1,125,1.6,-1
1579,420,427,2.2,2,150,1.8,-1
1580,420,458,2.9,2,140,1.5,-1
1581,421,428,1.9,8,150,2.5,-1
1582,421,429,2.0,9,115,2.7,-1
1583,421,439,2.8,5,110,1.9,-1
1584,421,461,2.2,0,120,1.7,-1
1585,422,435,1.5,3,130,2.2,-1
1586,422,451,2.5,1,130,1.6,-1
1587,423,427,2.3,3,125,1.9,-1
1588,423,430,1.7,0,120,1.9,-1
1589,423,434,3.5,1,110,1.2,-1
1590,424,425,2.9,0,125,1.3,-1
1591,424,427,2.1,10,115,2.7,-1
1592,424,429,2.2,7,135,2.3,-1
1593,424,444,2.8,10,145,2.3,-1
1594,424,449,2.7,10,125,2.4,-1
1595,424,466,2.1,7,110,2.4,-1
1596,425,428,1.9,3,100,2.2,-1
1597,425,429,2.9,10,105,2.4,-1
1598,425,432,3.3,4,100,1.7,-1
1599,425,434,2.9,2,100,1.6,-1
1600,425,435,2.7,7,130,2.1,-1
1601,425,458,3.0,6,105,2.0,-1
1602,426,428,1.6,0,130,1.9,-1
1603,426,431,2.7,6,135,2.0,-1
1604,426,432,1.6,10,115,2.9,-1
1605,426,439,2.3,1,150,1.6,-1
1606,426,441,2.7,5,130,1.9,-1
1607,426,443,3.3,8,120,2.0,-1
1608,426,447,1.7,6,135,2.4,-1
1609,427,428,1.8,1,150,1.8,-1
1610,427,437,2.4,2,135,1.7,-1
1611,427,444,2.1,7,150,2.3,-1
1612,427,447,3.1,2,105,1.5,-1
1613,427,451,2.7,7,125,2.1,-1
1614,428,443,3.3,0,110,1.2,-1
1615,429,431,3.5,1,100,1.3,-1
1616,429,432,3.1,1,140,1.3,-1
1617,429,435,1.6,1,145,1.9,-1
1618,429,437,3.5,7,140,1.7,-1
1619,429,455,1.8,2,115,2.0,-1
1620,430,431,3.2,8,110,2.1,-1
1621,430,432,2.7,10,150,2.3,-1
1622,431,432,1.7,1,115,2.0,-1
1623,431,433,3.4,10,130,2.1,-1
1624,431,434,3.3,3,125,1.5,-1
1625,431,438,1.7,6,140,2.4,-1
1626,431,450,2.2,0,100,1.7,-1
1627,432,433,2.1,4,125,2.1,-1
1628,432,440,1.9,2,140,1.9,-1
1629,432,482,3.4,2,150,1.2,-1
1630,433,435,1.8,3,105,2.2,-1
1631,433,440,1.7,4,150,2.2,-1
1632,433,444,3.3,7,115,1.9,-1
1633,433,447,1.6,9,125,2.8,-1
1634,434,436,2.9,2,145,1.5,-1
1635,434,437,2.3,1,150,1.6,-1
1636,434,441,2.4,3,120,1.9,-1
1637,434,447,1.7,6,100,2.5,-1
1638,434,453,2.5,2,125,1.7,-1
1639,435,437,2.8,3,105,1.8,-1
1640,435,445,3.4,3,140,1.4,-1
1641,436,437,2.9,1,110,1.5,-1
1642,436,453,2.0,4,115,2.2,-1
1643,436,458,1.7,5,110,2.4,-1
1644,437,438,1.7,3,145,2.1,-1
1645,437,441,2.1,0,140,1.6,-1
1646,437,445,2.7,10,110,2.5,-1
1647,437,448,2.8,6,110,2.0,-1
1648,438,439,2.2,10,120,2.7,-1
1649,438,443,3.3,0,115,1.2,-1
1650,438,444,2.0,1,105,1.9,-1
1651,438,446,2.6,7,105,2.2,-1
1652,439,440,2.6,2,135,1.6,-1
1653,439,447,3.2,2,105,1.5,-1
1654,439,461,3.2,2,125,1.4,-1
1655,440,442,2.6,0,100,1.6,-1
1656,440,444,2.9,0,145,1.3,-1
1657,440,447,1.8,8,145,2.5,-1
1658,440,448,3.4,9,145,2.0,-1
1659,440,449,2.2,0,150,1.6,-1
1660,440,451,3.5,5,100,1.7,-1
1661,441,444,1.6,8,110,2.7,-1
1662,442,444,2.4,8,150,2.3,-1
1663,442,446,2.8,7,120,2.1,-1
1664,442,447,1.8,0,135,1.8,-1
1665,442,469,2.5,5,120,2.0,-1
1666,443,455,2.6,8,135,2.2,-1
1667,443,459,3.3,8,105,2.0,-1
1668,444,450,3.4,5,115,1.7,-1
1669,444,454,3.2,8,125,2.0,-1
1670,444,460,2.6,3,100,1.9,-1
1671,446,448,2.7,8,110,2.3,-1
1672,446,450,1.7,9,150,2.7,-1
1673,447,456,3.0,2,110,1.5,-1
1674,447,465,3.3,8,135,1.9,-1
1675,448,449,2.0,9,110,2.7,-1
1676,448,451,1.7,2,145,2.0,-1
1677,448,452,1.8,8,145,2.5,-1
1678,448,456,3.0,2,150,1.4,-1
1679,448,457,2.1,0,135,1.7,-1
1680,448,461,1.6,1,130,2.0,-1
1681,449,450,3.2,3,145,1.4,-1
1682,449,451,1.9,9,145,2.6,-1
1683,449,455,2.2,8,110,2.5,-1
1684,449,475,2.0,0,115,1.8,-1
1685,450,451,1.8,4,145,2.1,-1
1686,450,452,2.5,6,150,2.0,-1
1687,450,453,1.9,5,125,2.3,-1
1688,450,458,3.0,3,140,1.5,-1
1689,450,459,3.4,9,105,2.1,-1
1690,450,460,1.6,6,135,2.5,-1
1691,451,452,2.2,5,120,2.2,-1
1692,451,456,2.3,5,120,2.1,-1
1693,452,458,2.9,4,110,1.8,-1
1694,452,475,2.2,8,130,2.4,-1
1695,454,457,2.1,7,135,2.4,-1
1696,454,462,2.2,5,105,2.2,-1
1697,454,474,1.6,10,135,2.9,-1
1698,454,476,2.4,9,145,2.4,-1
1699,454,492,1.8,0,135,1.8,-1
1700,455,463,2.7,7,105,2.2,-1
1701,455,467,1.9,0,110,1.8,-1
1702,456,457,1.7,5,100,2.4,-1
1703,456,458,2.7,0,120,1.4,-1
1704,456,459,2.6,0,105,1.5,-1
1705,456,460,1.9,6,130,2.4,-1
1706,456,478,1.6,9,110,2.8,-1
1707,457,460,2.5,7,130,2.2,-1
1708,457,465,1.6,1,135,2.0,-1
1709,457,466,3.3,2,105,1.4,-1
1710,457,472,2.9,4,145,1.7,-1
1711,457,475,1.8,10,130,2.8,-1
1712,458,463,2.4,4,140,1.9,-1
1713,458,464,2.4,6,120,2.2,-1
1714,458,473,2.3,4,115,2.0,-1
1715,459,468,3.1,2,130,1.4,-1
1716,459,475,1.7,1,100,2.0,-1
1717,460,461,1.8,2,145,1.9,-1
1718,460,462,3.2,3,150,1.4,-1
1719,460,466,2.7,4,135,1.8,-1
1720,460,479,2.8,3,110,1.7,-1
1721,460,492,3.1,6,105,1.9,-1
1722,461,464,2.2,10,130,2.6,-1
1723,461,471,3.4,3,140,1.4,-1
1724,461,475,1.6,10,130,2.9,-1
1725,461,478,3.1,10,135,2.2,-1
1726,462,465,3.2,5,120,1.7,-1
1727,462,466,2.9,6,130,1.9,-1
1728,462,471,1.7,5,125,2.4,-1
1729,462,486,2.8,1,125,1.5,-1
1730,462,495,3.0,4,140,1.6,-1
1731,463,464,3.3,3,115,1.5,-1
1732,463,474,2.1,9,135,2.6,-1
1733,463,487,2.3,9,105,2.6,-1
1734,464,470,2.0,4,130,2.1,-1
1735,464,474,2.1,6,115,2.3,-1
1736,464,485,2.7,2,140,1.6,-1
1737,465,467,3.4,4,110,1.6,-1
1738,465,471,1.7,2,135,2.0,-1
1739,465,473,3.1,8,150,2.0,-1
1740,465,474,2.5,8,130,2.3,-1
1741,465,476,2.8,9,120,2.3,-1
1742,465,477,3.3,6,125,1.8,-1
1743,466,469,2.6,2,110,1.7,-1
1744,466,475,2.1,8,150,2.4,-1
1745,467,474,2.7,0,140,1.4,-1
1746,467,477,2.6,5,130,2.0,-1
1747,467,481,2.4,4,130,1.9,-1
1748,467,499,2.0,1,125,1.8,-1
1749,468,471,3.4,9,145,2.0,-1
1750,468,473,3.2,1,130,1.3,-1
1751,468,476,2.3,4,110,2.0,-1
1752,468,489,3.5,4,115,1.5,-1
1753,469,476,2.9,0,145,1.3,-1
1754,470,475,2.8,7,150,2.0,-1
1755,470,477,2.8,10,140,2.3,-1
1756,470,482,2.2,8,110,2.5,-1
1757,470,490,2.1,8,145,2.4,-1
1758,471,476,1.7,1,120,2.0,-1
1759,471,484,2.6,0,115,1.5,-1
1760,472,475,1.6,6,120,2.5,-1
1761,472,478,3.3,4,115,1.6,-1
1762,472,490,2.3,7,115,2.3,-1
1763,473,478,1.7,6,105,2.5,-1
1764,474,478,2.8,4,110,1.8,-1
1765,474,486,3.0,1,135,1.4,-1
1766,474,492,3.3,0,100,1.3,-1
1767,474,500,2.9,3,135,1.6,-1
1768,475,477,1.9,4,110,2.2,-1
1769,475,478,1.9,8,100,2.7,-1
1770,475,479,2.2,6,140,2.2,-1
1771,475,484,2.0,6,135,2.3,-1
1772,475,485,3.0,10,140,2.2,-1
1773,476,477,2.1,6,125,2.3,-1
1774,476,482,1.6,5,110,2.4,-1
1775,476,483,2.8,5,125,1.9,-1
1776,477,478,2.5,6,120,2.1,-1
1777,477,480,3.4,8,110,2.0,-1
1778,477,485,3.5,4,120,1.5,-1
1779,477,492,2.4,7,135,2.2,-1
1780,478,480,2.4,0,115,1.6,-1
1781,478,486,2.9,6,120,2.0,-1
1782,478,494,1.7,6,130,2.4,-1
1783,478,497,3.1,7,105,2.0,-1
1784,479,482,1.8,3,140,2.1,-1
1785,479,484,3.1,0,120,1.3,-1
1786,479,485,2.2,8,125,2.4,-1
1787,479,488,2.7,6,100,2.1,-1
1788,479,490,2.5,10,125,2.5,-1
1789,479,496,3.1,8,145,2.0,-1
1790,479,498,2.2,5,150,2.1,-1
1791,480,481,3.3,10,110,2.2,-1
1792,480,484,2.2,8,135,2.4,-1
1793,481,482,2.8,4,145,1.7,-1
1794,481,484,2.6,7,135,2.1,-1
1795,481,486,2.7,10,115,2.5,-1
1796,481,487,1.8,0,145,1.7,-1
1797,481,488,2.5,3,135,1.8,-1
1798,481,489,2.5,6,140,2.1,-1
1799,481,492,2.7,10,120,2.4,-1
1800,481,496,2.2,8,150,2.4,-1
1801,482,484,2.1,9,105,2.6,-1
1802,482,492,2.3,10,105,2.7,-1
1803,482,500,3.3,9,135,2.0,-1
1804,483,487,3.2,8,105,2.1,-1
1805,483,491,3.0,6,110,1.9,-1
1806,483,498,2.7,1,100,1.6,-1
1807,484,485,2.3,9,125,2.5,-1
1808,484,491,2.3,4,150,1.9,-1
1809,484,493,1.7,8,145,2.6,-1
1810,484,494,2.0,0,115,1.8,-1
1811,484,495,2.8,0,120,1.4,-1
1812,485,487,1.8,4,115,2.2,-1
1813,485,489,2.0,8,140,2.5,-1
1814,486,487,1.7,5,100,2.4,-1
1815,486,493,2.6,2,135,1.6,-1
1816,486,500,2.4,10,135,2.5,-1
1817,487,489,1.8,0,125,1.8,-1
1818,487,491,1.6,1,150,1.9,-1
1819,487,493,2.8,1,150,1.4,-1
1820,487,497,1.6,4,100,2.4,-1
1821,488,489,2.2,3,130,1.9,-1
1822,488,496,2.6,1,150,1.5,-1
1823,489,492,3.3,0,135,1.1,-1
1824,489,496,3.2,4,110,1.7,-1
1825,489,498,1.6,7,140,2.5,-1
1826,490,494,3.3,8,110,2.0,-1
1827,490,497,3.3,0,115,1.2,-1
1828,491,493,2.9,7,130,2.0,-1
1829,491,495,3.1,5,110,1.8,-1
1830,491,496,1.6,1,120,2.0,-1
1831,491,497,2.5,7,150,2.1,-1
1832,492,495,2.3,7,145,2.2,-1
1833,492,496,1.7,5,145,2.3,-1
1834,492,497,3.2,3,100,1.6,-1
1835,493,496,3.5,5,125,1.6,-1
1836,493,497,3.3,2,100,1.5,-1
1837,493,500,2.5,10,140,2.5,-1
1838,494,498,3.0,1,115,1.4,-1
1839,495,498,3.1,10,135,2.2,-1
1840,496,497,2.6,2,125,1.7,-1
1841,496,499,3.0,10,135,2.3,-1
1842,499,500,1.9,8,135,2.5,-1
