1001,,,,,,,
0,1,3,2.8,0,145,1.3,42
1,1,9,3.3,3,140,1.4,78
2,1,11,2.2,10,115,2.7,84
3,1,14,3.1,9,140,2.1,64
4,1,21,3.1,4,145,1.6,78
5,2,4,2.4,5,105,2.1,75
6,2,17,2.4,1,140,1.6,73
7,2,30,1.9,10,135,2.7,45
8,3,11,2.1,8,120,2.5,4
9,4,9,1.6,3,115,2.2,73
10,5,10,3.1,1,100,1.4,5
11,5,13,1.8,8,140,2.6,15
12,6,8,3.0,6,140,1.8,74
13,6,31,2.8,0,115,1.4,87
14,7,10,2.9,4,140,1.7,47
15,8,10,2.8,0,130,1.4,94
16,8,11,2.5,0,130,1.5,17
17,8,15,2.2,2,115,1.9,38
18,9,17,2.5,7,115,2.2,27
19,9,28,2.0,7,150,2.3,17
20,10,18,1.9,5,145,2.2,38
21,10,21,2.9,9,100,2.3,17
22,10,39,2.4,3,110,1.9,60
23,12,23,2.8,1,120,1.5,57
24,12,41,3.0,5,150,1.7,11
25,13,20,3.3,3,135,1.4,95
26,14,22,3.1,9,110,2.2,84
27,14,25,3.5,0,130,1.1,37
28,15,16,2.2,3,100,2.0,17
29,15,19,2.8,1,105,1.6,88
30,15,24,1.7,8,150,2.6,67
31,16,17,2.3,7,115,2.3,79
32,16,24,2.6,6,100,2.2,55
33,16,26,2.3,5,115,2.1,46
34,18,19,2.1,10,140,2.6,57
35,18,22,2.0,9,110,2.7,96
36,19,24,2.8,5,150,1.8,95
37,21,28,1.7,3,145,2.1,34
38,21,47,2.6,3,115,1.8,59
39,22,29,2.4,10,150,2.5,26
40,23,27,3.3,9,105,2.1,25
41,23,44,2.2,10,115,2.7,54
42,24,25,3.3,9,145,2.0,75
43,24,30,2.0,10,140,2.7,56
44,25,27,1.7,2,120,2.1,74
45,25,46,2.5,10,145,2.4,11
46,26,29,1.9,8,110,2.6,99
47,26,40,2.2,1,105,1.8,98
48,28,29,3.3,7,130,1.9,60
49,29,47,1.8,3,150,2.0,90
50,29,60,2.2,8,140,2.4,9
51,31,41,2.0,10,125,2.7,84
52,31,62,2.4,1,145,1.6,88
53,33,44,3.2,3,100,1.6,70
54,33,47,3.3,2,105,1.4,44
55,34,43,2.9,3,150,1.6,31
56,34,61,3.0,5,145,1.7,24
57,36,40,2.2,4,100,2.1,45
58,37,40,2.3,0,110,1.6,16
59,37,50,3.2,2,140,1.4,25
60,39,41,3.4,10,130,2.1,70
61,39,45,3.5,4,130,1.5,73
62,39,49,1.5,4,130,2.3,32
63,39,60,1.6,2,110,2.1,21
64,41,44,3.4,0,100,1.2,77
65,41,45,3.2,10,135,2.2,59
66,41,50,2.3,7,130,2.3,13
67,42,43,2.0,5,135,2.2,67
68,42,48,1.5,0,130,1.9,0
69,42,52,1.7,10,150,2.8,57
70,42,58,1.7,7,105,2.6,42
71,43,44,2.5,5,110,2.1,21
72,43,50,3.0,8,135,2.1,96
73,44,51,1.7,4,145,2.2,77
74,44,52,3.3,8,150,1.9,82
75,44,62,2.4,5,135,2.0,97
76,45,48,1.6,10,135,2.9,48
77,45,54,2.0,9,125,2.6,1
78,46,60,2.4,9,130,2.4,99
79,47,51,3.0,9,145,2.1,80
80,47,56,2.3,4,150,1.9,88
81,48,49,3.0,10,110,2.3,37
82,49,55,1.9,10,140,2.7,72
83,49,57,2.0,5,100,2.3,63
84,49,65,2.8,8,100,2.3,35
85,49,71,3.3,2,140,1.3,76
86,49,74,2.3,9,100,2.6,42
87,50,52,2.3,6,110,2.2,9
88,50,58,3.3,6,145,1.7,36
89,50,62,3.1,2,150,1.4,32
90,51,55,2.3,3,135,1.9,96
91,52,53,1.6,3,120,2.2,44
92,52,55,3.4,6,120,1.7,2
93,52,56,1.9,2,150,1.9,24
94,53,58,2.2,0,150,1.6,61
95,53,65,2.4,1,130,1.6,76
96,53,66,1.8,4,120,2.2,9
97,54,60,2.0,3,130,2.0,95
98,54,72,2.4,6,140,2.1,31
99,55,57,3.2,6,145,1.7,94
100,55,59,3.3,0,120,1.2,21
101,55,61,2.6,7,110,2.2,10
102,56,57,1.7,4,120,2.3,76
103,56,59,1.8,10,130,2.8,5
104,56,65,3.4,6,135,1.7,100
105,57,66,2.0,5,125,2.2,10
106,57,68,2.4,0,140,1.5,47
107,57,73,2.9,10,105,2.4,96
108,58,59,1.5,8,110,2.8,36
109,58,68,2.5,1,125,1.6,32
110,59,62,2.4,2,115,1.8,82
111,59,74,2.4,2,105,1.8,26
112,59,77,3.0,6,105,2.0,43
113,59,92,3.2,5,135,1.7,10
114,62,65,2.1,0,150,1.6,9
115,62,66,2.7,10,140,2.4,36
116,64,71,3.2,0,125,1.2,38
117,65,72,3.2,3,120,1.5,58
118,68,70,2.5,3,140,1.8,23
119,68,71,2.6,6,145,2.0,1
120,68,88,1.8,7,100,2.6,13
121,69,75,1.8,8,150,2.5,46
122,69,84,1.6,1,110,2.0,17
123,70,90,2.0,10,150,2.6,53
124,70,108,1.6,3,135,2.2,58
125,71,75,1.8,4,120,2.2,69
126,72,80,2.4,6,120,2.2,21
127,72,85,1.6,5,120,2.4,38
128,73,74,3.1,5,130,1.7,54
129,73,75,2.6,7,100,2.3,35
130,74,77,3.2,2,145,1.3,94
131,74,86,2.1,1,135,1.8,15
132,75,77,2.7,7,145,2.1,6
133,75,87,1.6,4,150,2.2,50
134,76,85,2.7,2,140,1.6,0
135,77,79,3.2,3,100,1.6,79
136,77,81,3.4,6,120,1.7,7
137,78,92,3.1,6,135,1.8,35
138,79,83,2.4,7,135,2.2,46
139,80,89,2.9,8,110,2.2,94
140,81,88,3.4,5,130,1.6,72
141,82,85,1.7,2,145,2.0,57
142,82,87,1.8,6,140,2.4,46
143,82,89,3.4,0,130,1.1,86
144,82,110,2.7,3,140,1.7,25
145,83,86,2.1,2,100,2.0,78
146,84,97,2.3,7,145,2.2,18
147,85,91,2.3,0,135,1.6,75
148,86,87,2.3,0,145,1.5,27
149,86,91,1.6,8,125,2.7,86
150,87,109,1.8,5,130,2.3,98
151,88,91,1.7,9,100,2.8,54
152,88,99,2.3,5,125,2.1,74
153,88,101,2.9,9,110,2.3,90
154,88,108,3.3,1,145,1.2,2
155,89,94,3.4,6,135,1.7,47
156,89,108,2.1,0,135,1.7,73
157,89,118,3.0,7,145,1.9,62
158,90,92,2.7,4,120,1.8,47
159,90,93,2.2,3,150,1.9,17
160,90,109,3.3,5,100,1.8,13
161,92,96,2.6,4,115,1.9,98
162,92,101,3.2,7,145,1.8,85
163,92,102,2.2,7,125,2.3,45
164,92,106,1.6,5,115,2.4,84
165,93,95,1.6,5,110,2.4,36
166,93,122,2.8,10,105,2.5,25
167,95,99,2.5,6,135,2.1,29
168,95,117,2.5,1,125,1.6,28
169,95,119,2.4,4,130,1.9,42
170,96,100,1.6,9,125,2.8,65
171,96,105,1.7,5,115,2.4,40
172,97,100,2.2,7,120,2.4,87
173,97,113,2.0,9,115,2.7,1
174,98,108,2.5,4,130,1.9,83
175,98,114,3.3,3,115,1.5,92
176,99,120,3.5,6,115,1.7,62
177,101,111,1.6,10,145,2.8,35
178,102,106,3.0,5,105,1.9,60
179,102,108,3.4,9,130,2.0,15
180,102,109,2.2,9,105,2.6,18
181,102,111,2.3,7,130,2.3,7
182,102,116,1.8,5,100,2.4,0
183,102,121,1.8,8,140,2.6,36
184,104,105,3.5,2,125,1.3,70
185,104,106,3.4,7,135,1.8,8
186,104,124,1.7,9,100,2.8,14
187,104,137,2.1,2,100,2.0,20
188,105,107,2.3,7,145,2.2,54
189,105,115,3.5,2,120,1.3,85
190,107,160,2.6,3,120,1.8,78
191,109,115,3.2,2,115,1.4,34
192,109,133,1.8,10,145,2.7,68
193,110,112,2.4,4,100,2.0,81
194,110,119,3.0,2,115,1.5,46
195,110,128,2.6,8,115,2.3,48
196,112,115,2.0,10,130,2.7,87
197,112,121,3.2,4,110,1.7,84
198,112,130,2.6,5,140,1.9,32
199,113,115,3.2,4,130,1.6,75
200,113,130,3.4,4,105,1.6,96
201,114,115,2.8,10,125,2.4,9
202,114,118,2.1,10,135,2.7,73
203,115,117,1.9,0,110,1.8,63
204,115,137,3.0,7,110,2.0,43
205,116,117,3.1,3,120,1.6,17
206,116,124,2.9,10,135,2.3,54
207,117,120,3.4,1,130,1.2,85
208,117,123,3.0,3,130,1.6,60
209,118,122,3.2,5,130,1.7,98
210,118,146,2.6,5,120,2.0,17
211,119,139,1.6,1,140,1.9,48
212,120,123,2.5,4,130,1.9,95
213,120,125,3.4,9,125,2.0,76
214,122,124,1.9,5,135,2.2,74
215,122,125,3.4,7,120,1.8,37
216,123,126,1.5,2,115,2.2,47
217,123,149,1.7,4,140,2.2,6
218,124,138,2.4,4,150,1.9,58
219,125,126,3.2,0,130,1.2,9
220,125,131,1.8,2,145,1.9,61
221,125,144,1.8,2,130,2.0,51
222,125,171,2.7,5,140,1.9,18
223,126,127,2.4,3,110,1.9,7
224,126,130,3.4,1,110,1.3,45
225,126,136,1.5,3,105,2.3,30
226,127,128,2.6,6,140,2.0,52
227,127,129,3.3,1,100,1.4,30
228,127,131,1.8,7,110,2.6,69
229,127,133,2.8,7,115,2.1,38
230,127,136,1.9,10,125,2.8,60
231,128,135,2.5,0,115,1.5,86
232,130,133,3.3,4,100,1.7,36
233,130,135,3.4,2,130,1.3,82
234,130,144,3.1,0,120,1.3,31
235,131,138,2.6,4,145,1.8,37
236,131,142,2.2,10,115,2.7,10
237,131,146,2.7,2,120,1.6,75
238,131,163,1.8,5,135,2.3,99
239,132,146,2.7,0,130,1.4,50
240,134,135,1.7,3,125,2.2,7
241,134,139,2.8,2,120,1.6,55
242,134,150,1.8,4,125,2.2,86
243,135,137,3.2,0,150,1.1,79
244,136,140,2.5,5,115,2.0,21
245,136,148,3.1,10,130,2.2,36
246,137,143,2.6,8,135,2.2,14
247,137,154,2.4,10,145,2.5,11
248,138,139,1.8,2,150,1.9,71
249,138,140,2.0,0,145,1.7,98
250,138,142,1.8,7,110,2.6,39
251,138,145,2.3,1,105,1.8,78
252,138,151,1.7,4,115,2.3,86
253,139,140,2.6,0,140,1.4,62
254,139,151,3.2,8,125,2.0,54
255,139,152,2.3,2,140,1.7,32
256,140,147,2.3,9,140,2.4,91
257,140,151,1.5,3,135,2.2,49
258,140,172,2.5,10,150,2.4,100
259,141,142,2.9,2,115,1.6,87
260,141,144,1.8,3,105,2.2,14
261,142,143,2.2,4,130,2.0,1
262,143,148,2.2,1,135,1.7,3
263,143,162,3.0,4,100,1.8,23
264,144,151,3.4,8,150,1.8,11
265,144,169,2.1,0,135,1.7,65
266,145,151,2.1,5,135,2.2,96
267,146,148,2.9,0,125,1.3,18
268,146,151,1.7,0,115,1.9,6
269,146,153,3.1,5,100,1.8,61
270,146,174,1.8,0,130,1.8,44
271,147,151,1.9,8,105,2.6,86
272,147,159,3.3,4,105,1.6,14
273,147,162,2.7,6,115,2.1,9
274,148,153,2.3,0,135,1.6,95
275,150,152,2.9,9,110,2.3,36
276,150,153,3.4,9,125,2.0,0
277,150,154,2.6,8,100,2.4,58
278,150,157,2.1,7,105,2.5,63
279,150,161,2.8,8,145,2.1,15
280,150,167,2.2,3,120,2.0,27
281,150,170,2.6,8,145,2.2,96
282,151,156,3.3,6,120,1.8,35
283,151,158,1.8,10,140,2.8,47
284,152,159,3.0,5,150,1.7,67
285,152,187,1.6,2,110,2.1,97
286,153,163,1.6,10,110,2.9,38
287,156,157,2.9,0,125,1.3,78
288,156,166,2.2,9,100,2.6,31
289,157,160,2.8,9,135,2.2,75
290,157,177,2.0,5,115,2.3,56
291,158,163,2.9,5,100,1.9,91
292,158,166,1.6,0,125,1.9,15
293,158,171,1.6,2,135,2.1,55
294,159,163,2.8,9,140,2.2,49
295,159,186,3.3,0,140,1.1,2
296,160,163,1.9,2,125,2.0,9
297,161,164,2.1,7,110,2.4,62
298,163,164,2.4,8,115,2.4,1
299,163,170,2.4,3,115,1.9,1
300,163,178,2.7,8,140,2.2,0
301,163,182,3.3,7,125,1.9,20
302,163,191,3.2,10,105,2.3,27
303,163,197,1.9,7,120,2.5,58
304,164,165,2.1,4,140,2.0,10
305,165,168,1.7,3,110,2.2,37
306,165,170,1.9,7,100,2.6,67
307,165,180,1.8,0,145,1.7,77
308,166,175,2.2,5,105,2.2,99
309,168,174,1.7,7,135,2.5,3
310,168,182,2.3,3,105,2.0,95
311,169,171,1.5,0,100,2.0,32
312,169,177,3.1,4,100,1.7,59
313,169,183,2.0,3,100,2.1,18
314,169,187,2.0,0,145,1.7,99
315,169,193,2.1,10,150,2.6,64
316,172,181,1.9,4,115,2.2,8
317,173,175,1.9,10,120,2.8,59
318,173,177,2.3,0,125,1.6,7
319,174,187,2.1,9,140,2.5,53
320,175,176,2.8,7,140,2.0,25
321,175,181,2.8,9,150,2.2,52
322,175,182,2.3,5,110,2.1,9
323,175,185,2.5,9,125,2.4,100
324,175,190,2.5,1,105,1.7,10
325,176,181,1.9,8,140,2.5,15
326,176,184,3.1,4,125,1.7,32
327,176,187,2.2,9,135,2.5,3
328,176,203,2.2,0,105,1.7,74
329,177,179,1.5,9,110,2.9,56
330,177,180,3.2,7,115,1.9,48
331,177,200,2.0,5,125,2.2,54
332,178,184,2.8,2,135,1.6,78
333,178,185,3.2,8,120,2.0,94
334,179,180,3.3,10,140,2.1,96
335,179,181,2.9,9,110,2.3,79
336,180,183,3.3,8,150,1.9,88
337,180,187,3.1,5,100,1.8,32
338,180,189,1.8,7,105,2.6,35
339,181,185,3.1,3,140,1.5,3
340,181,197,2.9,1,135,1.4,24
341,182,183,2.7,6,105,2.1,46
342,183,186,2.6,1,150,1.5,53
343,184,191,1.9,2,110,2.0,22
344,184,192,2.5,4,125,1.9,9
345,185,192,1.5,10,100,3.0,14
346,185,204,3.3,4,140,1.5,19
347,186,189,1.6,3,100,2.3,91
348,187,192,3.3,8,105,2.0,96
349,187,194,2.4,1,130,1.6,10
350,187,196,3.0,3,130,1.6,59
351,187,210,1.8,2,120,2.0,4
352,189,194,3.5,4,150,1.4,74
353,189,221,1.7,7,140,2.5,33
354,190,194,2.2,10,105,2.7,41
355,190,196,2.0,8,115,2.6,99
356,190,198,2.0,3,120,2.0,28
357,191,193,2.3,2,150,1.7,27
358,191,197,2.3,3,150,1.8,42
359,191,198,2.6,7,110,2.2,15
360,191,210,2.2,7,115,2.4,84
361,192,196,3.2,5,100,1.8,0
362,193,210,2.9,4,125,1.7,32
363,193,223,1.6,3,125,2.2,76
364,194,195,2.0,10,120,2.7,19
365,194,198,2.7,4,135,1.8,54
366,195,208,2.3,7,150,2.2,35
367,195,218,3.4,9,145,2.0,36
368,196,201,3.2,3,100,1.6,56
369,196,209,2.3,2,105,1.9,67
370,197,202,3.4,5,100,1.7,77
371,197,205,1.9,7,125,2.5,18
372,197,210,1.9,2,150,1.9,97
373,197,216,1.8,7,125,2.5,39
374,197,219,2.1,10,135,2.7,68
375,198,200,2.8,5,105,2.0,82
376,198,201,2.6,6,105,2.1,27
377,199,214,3.1,3,115,1.6,45
378,199,216,2.7,6,110,2.1,94
379,199,247,2.5,7,110,2.3,15
380,200,203,2.0,3,135,2.0,19
381,200,204,2.9,9,135,2.2,98
382,200,209,1.5,1,120,2.1,98
383,200,215,3.3,1,135,1.2,11
384,201,210,2.8,1,145,1.4,5
385,201,213,2.2,10,130,2.6,89
386,203,205,2.2,8,110,2.5,53
387,204,205,2.2,6,135,2.2,89
388,204,212,2.8,5,130,1.9,76
389,204,218,3.1,6,145,1.8,95
390,206,211,2.5,2,150,1.6,74
391,206,218,3.3,10,120,2.2,23
392,207,213,2.1,8,130,2.5,65
393,207,214,3.0,0,125,1.3,94
394,208,209,3.1,5,110,1.8,57
395,208,229,1.7,7,145,2.5,72
396,209,210,3.5,5,100,1.7,92
397,209,219,2.7,7,100,2.2,84
398,211,214,1.9,3,135,2.0,14
399,211,216,1.7,1,120,2.0,95
400,212,217,2.1,3,105,2.0,12
401,212,237,2.5,10,135,2.5,100
402,213,225,1.9,4,120,2.2,24
403,213,227,2.4,1,115,1.7,71
404,213,230,2.3,7,145,2.2,11
405,214,215,2.6,5,150,1.9,64
406,214,233,1.8,6,145,2.3,85
407,215,226,2.8,1,145,1.4,53
408,215,228,2.8,1,150,1.4,26
409,216,218,2.0,4,110,2.2,55
410,217,225,2.4,3,105,1.9,48
411,217,248,2.3,6,110,2.2,39
412,219,221,1.9,2,105,2.0,80
413,219,223,3.2,3,140,1.5,39
414,219,234,1.8,9,135,2.7,79
415,220,240,2.2,1,100,1.8,84
416,220,244,3.0,10,115,2.3,21
417,222,227,1.7,10,135,2.8,23
418,223,224,1.6,10,125,2.9,28
419,223,228,3.3,10,105,2.2,9
420,223,231,1.7,3,145,2.1,3
421,223,237,2.6,2,100,1.8,64
422,223,244,2.2,4,150,2.0,60
423,224,229,2.1,9,125,2.6,70
424,225,230,2.6,2,110,1.7,64
425,225,234,2.8,5,145,1.8,63
426,225,235,1.6,3,120,2.2,15
427,225,250,2.5,9,150,2.3,18
428,226,228,2.3,8,125,2.4,34
429,226,247,3.0,3,105,1.7,88
430,227,231,2.5,1,150,1.5,56
431,228,229,1.8,0,145,1.7,83
432,228,234,2.4,8,115,2.4,34
433,228,238,2.0,7,115,2.5,11
434,229,234,2.0,3,100,2.1,73
435,229,237,3.0,0,100,1.4,4
436,229,247,3.0,8,140,2.0,54
437,229,250,2.9,8,135,2.1,49
438,230,232,2.3,4,115,2.0,58
439,232,234,3.4,10,140,2.1,37
440,232,246,1.8,1,110,2.0,97
441,235,236,3.3,4,135,1.5,5
442,236,243,2.6,8,135,2.2,36
443,236,260,2.7,3,110,1.8,50
444,237,243,3.0,8,120,2.1,79
445,238,240,3.2,0,125,1.2,76
446,238,242,2.6,4,115,1.9,9
447,239,243,1.8,10,145,2.7,96
448,239,248,2.4,0,105,1.6,96
449,239,257,2.4,3,115,1.9,17
450,240,246,2.9,5,150,1.8,74
451,241,248,3.2,7,115,1.9,1
452,242,246,3.4,10,105,2.2,59
453,242,260,2.8,3,150,1.6,100
454,244,245,3.3,5,130,1.7,53
455,244,261,2.5,10,100,2.6,66
456,244,270,3.2,9,100,2.2,94
457,245,249,3.3,8,130,2.0,61
458,246,260,3.4,6,120,1.7,40
459,247,251,2.2,9,145,2.5,7
460,247,258,2.3,5,100,2.2,85
461,247,284,3.1,7,120,2.0,2
462,248,281,3.4,6,110,1.8,71
463,249,250,2.3,3,110,1.9,94
464,249,260,3.0,9,150,2.1,89
465,250,254,3.4,4,105,1.6,46
466,250,257,2.0,7,105,2.5,82
467,251,254,1.7,10,110,2.9,11
468,251,255,2.0,5,120,2.2,40
469,251,313,3.4,4,110,1.6,26
470,254,260,3.2,1,125,1.3,48
471,254,270,1.6,10,140,2.8,13
472,255,267,2.2,0,100,1.7,94
473,255,283,1.8,6,100,2.5,71
474,256,259,3.4,4,125,1.5,64
475,256,272,2.7,0,145,1.4,71
476,257,258,2.4,7,110,2.3,40
477,257,261,2.1,5,120,2.2,24
478,257,267,2.1,4,145,2.0,39
479,257,269,2.4,9,105,2.5,28
480,257,277,2.8,9,150,2.2,64
481,257,292,1.9,6,120,2.4,82
482,257,301,1.6,8,150,2.6,72
483,258,265,3.4,3,145,1.4,96
484,258,274,3.2,7,130,1.9,51
485,259,263,3.2,2,100,1.5,36
486,259,266,3.0,7,140,1.9,53
487,259,286,3.0,2,100,1.6,10
488,260,274,1.7,4,115,2.3,29
489,261,268,3.0,3,100,1.7,46
490,261,283,3.0,8,140,2.0,15
491,262,263,2.7,2,120,1.6,88
492,263,264,1.7,5,115,2.4,59
493,263,266,2.7,3,110,1.8,29
494,263,270,2.0,0,130,1.7,63
495,263,271,1.8,6,120,2.4,50
496,263,273,2.4,6,135,2.1,98
497,264,266,3.4,1,145,1.2,32
498,264,272,1.7,9,150,2.7,23
499,264,290,2.8,0,125,1.4,68
500,265,275,1.9,7,135,2.4,86
501,265,279,2.3,9,120,2.5,79
502,266,270,1.5,9,110,2.9,53
503,266,271,3.5,7,110,1.8,23
504,266,278,2.2,0,140,1.6,6
505,267,269,1.9,10,130,2.8,23
506,268,271,2.1,5,100,2.3,24
507,268,275,3.3,0,150,1.1,17
508,269,285,2.0,7,135,2.4,93
509,270,271,3.0,3,105,1.7,42
510,270,273,2.1,2,100,2.0,46
511,270,274,2.4,1,105,1.7,50
512,270,282,2.4,6,100,2.2,51
513,270,292,1.7,6,150,2.4,92
514,270,308,1.9,0,135,1.7,9
515,271,274,2.2,0,130,1.6,66
516,271,285,2.5,1,135,1.6,95
517,272,273,2.2,4,105,2.1,54
518,272,275,2.4,1,125,1.7,1
519,272,283,2.1,4,125,2.1,14
520,272,297,2.9,10,100,2.4,34
521,273,279,3.2,9,125,2.1,97
522,273,295,2.9,2,105,1.6,64
523,274,291,2.1,8,105,2.5,90
524,275,276,2.3,7,125,2.3,45
525,275,277,3.2,0,125,1.2,36
526,275,282,3.0,3,145,1.5,81
527,276,277,1.9,8,120,2.6,74
528,276,281,2.4,6,100,2.2,93
529,276,286,1.8,7,110,2.6,78
530,277,287,1.8,2,120,2.0,60
531,278,281,3.5,0,120,1.1,95
532,278,282,1.6,7,140,2.5,34
533,278,286,1.9,2,115,2.0,69
534,278,314,2.9,2,110,1.6,30
535,279,282,2.4,4,125,2.0,99
536,279,284,3.1,1,135,1.3,55
537,280,286,2.1,8,115,2.5,6
538,280,288,3.0,0,150,1.2,31
539,280,304,2.9,1,130,1.4,43
540,284,288,2.5,6,105,2.2,90
541,284,293,3.3,5,110,1.7,11
542,284,305,3.3,8,135,1.9,28
543,284,321,2.0,6,145,2.3,57
544,285,295,1.9,9,100,2.8,40
545,286,290,1.9,10,110,2.8,44
546,286,292,1.5,2,135,2.1,92
547,286,312,2.3,9,145,2.4,46
548,287,292,2.3,8,100,2.5,31
549,288,310,2.8,9,115,2.3,68
550,289,334,1.5,9,150,2.8,9
551,290,293,3.2,8,150,1.9,63
552,290,297,2.1,6,135,2.2,3
553,290,302,1.6,0,105,2.0,42
554,291,331,2.4,9,125,2.5,67
555,292,293,3.4,9,140,2.0,95
556,292,300,3.2,5,145,1.6,95
557,293,295,3.3,2,105,1.4,32
558,293,296,2.9,7,110,2.1,30
559,293,297,2.8,10,130,2.4,18
560,293,315,1.6,9,125,2.8,57
561,294,297,2.2,4,120,2.1,9
562,295,298,1.7,9,105,2.8,58
563,295,304,1.6,7,120,2.6,34
564,295,308,2.0,2,150,1.8,46
565,297,298,1.9,9,140,2.6,91
566,297,302,3.2,5,115,1.7,97
567,297,306,2.3,0,145,1.5,40
568,298,302,2.3,2,135,1.8,51
569,299,301,3.5,1,150,1.1,71
570,299,313,3.5,2,110,1.3,43
571,299,314,2.7,2,150,1.5,2
572,299,320,3.4,5,110,1.7,18
573,300,302,3.2,9,130,2.1,2
574,300,309,1.9,6,140,2.3,16
575,300,317,2.8,3,135,1.7,37
576,301,304,1.5,8,105,2.8,67
577,301,320,2.9,10,115,2.4,16
578,303,315,3.3,5,115,1.7,56
579,303,319,1.6,8,100,2.8,3
580,304,315,1.7,5,110,2.4,3
581,305,315,2.7,8,125,2.2,51
582,307,330,3.0,5,110,1.8,56
583,308,310,1.8,10,145,2.7,7
584,308,329,2.4,0,120,1.6,92
585,309,313,3.0,2,135,1.5,35
586,310,315,2.2,10,150,2.6,31
587,310,329,1.6,5,100,2.5,49
588,310,336,1.8,0,115,1.8,47
589,311,322,2.3,4,135,2.0,40
590,312,316,1.5,4,130,2.3,64
591,312,321,2.3,0,135,1.6,7
592,314,330,2.4,1,135,1.6,51
593,315,317,1.6,4,145,2.2,59
594,315,341,2.2,6,145,2.2,47
595,315,348,1.7,1,120,2.0,81
596,317,320,2.0,3,105,2.1,83
597,317,350,2.9,1,120,1.5,63
598,318,322,3.3,6,150,1.7,50
599,318,324,3.0,9,110,2.2,73
600,318,326,3.4,7,115,1.9,67
601,318,356,1.6,5,105,2.5,84
602,319,322,2.1,0,115,1.7,89
603,319,332,2.6,6,135,2.0,80
604,320,325,1.9,6,110,2.4,39
605,320,328,2.2,5,135,2.1,67
606,321,322,3.4,6,120,1.7,39
607,321,327,2.0,3,140,2.0,86
608,321,328,3.1,5,105,1.8,64
609,321,334,2.9,0,145,1.3,57
610,321,338,3.2,10,135,2.2,4
611,322,329,2.6,8,120,2.3,98
612,322,374,2.6,9,105,2.4,45
613,324,328,1.8,8,120,2.6,85
614,324,345,2.4,0,110,1.6,58
615,325,335,2.1,10,140,2.6,54
616,325,348,2.5,2,120,1.7,89
617,326,327,1.5,7,125,2.6,61
618,326,336,2.8,6,130,2.0,32
619,326,348,1.9,4,140,2.1,9
620,326,351,3.1,1,115,1.4,57
621,327,339,1.6,6,140,2.4,80
622,327,371,2.0,4,120,2.1,88
623,328,333,2.5,9,100,2.5,35
624,329,330,2.1,1,110,1.8,77
625,329,331,1.7,0,125,1.9,76
626,329,351,1.6,9,110,2.8,11
627,331,332,1.6,8,125,2.7,39
628,333,338,2.8,2,105,1.7,19
629,333,339,2.9,10,100,2.4,98
630,333,352,2.5,9,100,2.5,63
631,334,336,1.6,10,105,3.0,68
632,334,360,2.9,2,105,1.6,45
633,335,342,2.7,0,110,1.5,85
634,335,347,1.9,6,145,2.3,5
635,335,354,1.7,8,120,2.7,60
636,336,337,2.6,2,120,1.7,14
637,336,338,2.9,6,125,1.9,63
638,336,340,2.1,5,125,2.2,37
639,337,342,1.8,1,115,1.9,88
640,337,349,2.5,2,100,1.8,48
641,338,340,2.2,6,150,2.2,25
642,338,342,1.7,6,105,2.5,96
643,338,351,2.5,1,100,1.7,58
644,338,352,2.9,9,140,2.2,47
645,339,343,3.2,2,145,1.3,29
646,339,353,3.2,5,105,1.8,82
647,339,364,2.9,3,115,1.7,37
648,340,342,1.6,1,115,2.0,58
649,340,347,2.0,9,150,2.5,23
650,342,352,2.8,2,120,1.6,32
651,342,380,2.0,1,135,1.8,11
652,344,348,3.0,10,135,2.3,16
653,344,350,2.8,8,135,2.2,12
654,345,346,2.5,10,140,2.5,20
655,345,348,1.6,8,140,2.6,41
656,346,354,2.2,3,105,2.0,12
657,346,355,2.1,6,145,2.2,21
658,346,374,2.9,2,100,1.6,55
659,347,348,1.7,5,105,2.4,49
660,347,351,2.7,5,135,1.9,93
661,347,365,3.4,1,145,1.2,96
662,349,350,2.7,4,120,1.8,2
663,349,355,1.7,6,135,2.4,30
664,351,355,3.4,3,110,1.5,69
665,351,356,2.0,7,130,2.4,56
666,352,364,1.6,4,145,2.2,97
667,352,376,3.0,10,145,2.2,32
668,353,354,3.3,1,100,1.4,81
669,354,361,1.6,5,135,2.4,3
670,355,358,2.5,4,120,1.9,80
671,356,390,3.1,5,120,1.8,83
672,357,362,3.1,6,105,1.9,76
673,357,366,1.8,5,120,2.3,29
674,358,359,3.5,2,105,1.3,22
675,358,368,1.7,4,100,2.3,70
676,358,383,1.7,4,115,2.3,3
677,359,364,2.1,6,150,2.2,13
678,359,366,2.6,8,125,2.3,43
679,362,394,1.9,4,120,2.2,12
680,362,404,1.5,9,120,2.9,76
681,363,364,1.8,7,140,2.5,78
682,363,373,1.9,4,115,2.2,16
683,363,393,2.7,6,135,2.0,13
684,364,365,1.9,10,125,2.8,44
685,364,366,2.7,3,110,1.8,78
686,365,367,2.1,1,125,1.8,93
687,365,368,3.3,0,135,1.1,12
688,365,372,2.6,7,140,2.1,0
689,367,369,3.3,8,135,1.9,85
690,367,372,1.9,0,140,1.7,21
691,367,379,3.3,4,140,1.5,99
692,368,369,3.0,0,135,1.3,52
693,368,377,1.7,1,125,2.0,79
694,369,374,3.3,1,150,1.2,9
695,369,378,3.2,1,100,1.4,78
696,369,379,1.9,6,110,2.4,85
697,369,388,2.0,10,135,2.7,62
698,369,397,1.9,4,130,2.2,66
699,370,372,2.5,5,100,2.1,41
700,370,374,2.1,7,145,2.3,36
701,371,375,1.7,8,125,2.7,2
702,372,392,2.0,5,150,2.1,10
703,373,374,2.3,3,115,1.9,29
704,374,375,3.3,8,105,2.0,64
705,375,379,2.1,8,130,2.5,86
706,375,386,2.0,7,100,2.5,84
707,375,395,2.2,2,110,1.9,67
708,376,379,3.0,10,135,2.3,7
709,376,398,3.3,3,135,1.4,55
710,377,381,1.5,2,130,2.1,33
711,377,384,2.7,9,145,2.3,37
712,378,411,2.7,7,150,2.0,10
713,379,380,2.2,7,125,2.3,42
714,380,387,3.1,2,145,1.4,95
715,380,421,2.3,7,140,2.2,52
716,380,427,1.7,0,150,1.8,79
717,381,389,2.5,1,125,1.6,11
718,382,388,1.8,9,130,2.7,26
719,382,398,2.2,4,140,2.0,50
720,383,386,3.2,3,100,1.6,31
721,383,394,3.0,5,110,1.8,61
722,384,386,1.7,0,125,1.9,13
723,384,393,3.3,10,115,2.2,85
724,385,388,2.0,0,120,1.7,21
725,386,400,1.6,4,140,2.2,96
726,387,403,2.1,0,150,1.6,22
727,388,393,2.2,9,140,2.5,96
728,388,395,2.1,10,100,2.8,50
729,388,400,3.3,5,110,1.7,83
730,388,407,2.5,1,145,1.5,88
731,389,390,3.2,2,125,1.4,66
732,389,397,3.1,9,115,2.2,61
733,389,425,3.0,2,115,1.5,47
734,390,429,1.6,1,140,1.9,1
735,392,402,3.5,10,110,2.1,8
736,392,403,2.0,9,145,2.6,66
737,393,394,2.7,4,130,1.8,11
738,393,395,2.9,6,100,2.0,12
739,393,396,2.4,0,105,1.6,75
740,393,397,1.6,1,145,1.9,73
741,393,398,3.1,1,110,1.4,78
742,393,399,3.1,1,125,1.4,4
743,393,401,2.1,10,140,2.6,8
744,394,396,3.1,2,100,1.5,50
745,395,403,2.4,3,135,1.8,10
746,395,407,3.0,1,135,1.4,34
747,395,416,3.2,4,120,1.6,94
748,395,427,3.1,0,105,1.3,77
749,396,400,2.7,4,105,1.9,85
750,397,398,2.8,1,110,1.5,15
751,397,399,2.5,4,115,1.9,18
752,398,403,2.7,1,145,1.5,29
753,398,404,1.9,6,145,2.3,41
754,398,409,2.0,5,120,2.2,63
755,398,413,2.2,4,145,2.0,79
756,399,400,3.3,4,115,1.6,86
757,399,402,1.7,2,150,2.0,41
758,399,415,2.9,0,140,1.3,7
759,400,405,3.4,1,140,1.2,80
760,400,408,3.4,0,125,1.1,69
761,401,408,3.0,8,125,2.1,2
762,402,417,1.6,6,125,2.5,26
763,403,405,2.9,2,105,1.6,25
764,403,408,3.3,9,130,2.1,39
765,403,433,3.0,10,140,2.2,69
766,404,405,2.7,3,120,1.7,37
767,404,415,2.4,10,150,2.5,18
768,404,418,2.6,8,105,2.3,20
769,405,407,2.3,6,100,2.3,42
770,405,408,1.8,7,120,2.5,96
771,405,409,3.2,5,130,1.7,31
772,405,411,2.0,10,130,2.7,84
773,405,412,1.6,0,120,1.9,50
774,405,447,3.2,8,120,2.0,58
775,406,408,2.6,1,135,1.5,20
776,406,409,3.1,10,150,2.2,92
777,406,437,3.5,6,145,1.6,34
778,407,408,2.4,6,125,2.2,4
779,407,422,3.3,0,120,1.2,40
780,408,415,3.1,2,140,1.4,0
781,408,420,2.6,8,105,2.3,15
782,410,412,2.4,9,150,2.4,76
783,411,412,2.6,1,140,1.5,81
784,411,414,2.1,7,110,2.4,97
785,411,420,3.0,3,110,1.6,99
786,411,427,2.0,4,125,2.1,37
787,411,430,2.0,6,145,2.3,26
788,412,413,3.0,8,130,2.1,83
789,412,414,2.0,2,130,1.9,56
790,412,423,1.9,0,150,1.7,15
791,412,434,2.7,9,130,2.3,94
792,413,420,2.1,6,130,2.3,36
793,413,422,3.3,3,100,1.6,77
794,413,432,2.9,10,125,2.3,34
795,414,419,2.6,0,100,1.6,93
796,414,420,1.9,8,135,2.5,96
797,414,435,2.6,5,120,2.0,2
798,415,416,1.7,7,135,2.5,47
799,415,417,2.8,5,100,2.0,83
800,415,454,2.0,6,135,2.3,72
801,416,421,3.4,3,120,1.4,28
802,416,422,1.8,0,135,1.8,88
803,416,434,2.4,5,140,2.0,2
804,416,467,2.1,6,105,2.4,61
805,417,418,3.2,0,135,1.2,17
806,417,423,1.7,9,110,2.8,14
807,417,425,2.1,1,140,1.7,71
808,418,421,1.7,7,110,2.6,69
809,419,435,1.9,1,150,1.8,3
810,420,421,3.3,1,150,1.2,46
811,420,424,1.8,1,120,1.9,36
812,420,425,3.1,0,130,1.2,36
813,420,430,1.6,7,130,2.6,28
814,420,434,3.1,3,110,1.6,78
815,420,440,2.0,5,105,2.3,75
816,420,448,2.9,0,110,1.4,79
817,421,423,2.5,4,145,1.8,91
818,421,434,1.8,3,150,2.0,49
819,422,424,3.2,8,110,2.1,95
820,422,430,1.7,9,150,2.7,38
821,422,449,3.3,4,135,1.5,26
822,423,428,1.8,1,100,2.0,9
823,423,434,2.3,6,100,2.3,48
824,424,435,2.1,1,140,1.7,81
825,424,440,3.0,10,115,2.3,66
826,425,429,3.4,10,125,2.1,41
827,426,439,2.2,0,130,1.6,1
828,426,443,2.9,3,130,1.6,53
829,426,461,3.2,4,150,1.5,8
830,427,441,2.7,2,150,1.5,69
831,428,431,2.7,9,125,2.3,81
832,428,434,2.8,9,120,2.3,67
833,428,447,2.3,4,135,2.0,39
834,429,439,3.3,7,110,1.9,69
835,430,432,2.1,9,140,2.5,83
836,431,432,2.8,4,100,1.9,40
837,432,440,2.8,5,100,2.0,91
838,432,446,2.4,0,140,1.5,23
839,432,449,2.8,7,130,2.1,59
840,433,442,3.4,8,110,2.0,69
841,433,452,3.1,9,130,2.1,9
842,433,455,3.2,9,130,2.1,72
843,434,444,3.4,1,145,1.2,61
844,434,447,2.3,3,110,1.9,41
845,435,436,2.4,10,120,2.6,64
846,435,440,2.9,8,150,2.1,14
847,435,443,2.9,10,105,2.4,71
848,435,456,1.9,2,100,2.1,23
849,436,437,3.2,6,105,1.9,27
850,436,441,2.7,10,105,2.5,68
851,436,451,2.9,0,145,1.3,55
852,437,440,3.3,7,140,1.8,9
853,437,446,2.8,8,120,2.2,44
854,438,459,1.6,6,130,2.5,34
855,439,440,3.4,5,120,1.6,73
856,439,441,2.6,3,115,1.8,41
857,439,458,2.2,0,100,1.7,30
858,440,446,1.6,4,135,2.3,94
859,440,448,2.3,10,110,2.6,65
860,440,451,1.7,6,120,2.5,55
861,442,448,1.9,6,135,2.3,5
862,442,454,1.9,7,105,2.5,94
863,443,453,3.1,1,150,1.3,36
864,444,465,2.9,4,125,1.7,36
865,445,446,2.4,7,145,2.2,87
866,445,447,3.3,3,120,1.5,68
867,445,448,3.0,0,115,1.3,28
868,445,477,1.9,9,140,2.6,47
869,448,451,2.2,5,130,2.1,47
870,448,467,2.5,8,120,2.3,77
871,448,474,2.6,0,150,1.4,42
872,449,461,2.9,3,145,1.6,87
873,449,463,2.5,0,135,1.5,56
874,449,465,1.6,3,140,2.1,73
875,450,460,3.4,7,130,1.8,71
876,450,465,2.3,10,150,2.5,77
877,452,453,2.9,2,110,1.6,49
878,452,461,2.2,10,115,2.7,74
879,452,464,2.3,5,145,2.0,43
880,452,479,2.9,7,100,2.1,1
881,453,472,2.2,1,145,1.7,70
882,453,477,1.5,0,150,1.9,72
883,454,468,3.0,8,105,2.2,6
884,455,456,2.3,2,115,1.8,98
885,455,457,2.0,4,115,2.2,56
886,455,462,2.5,0,100,1.6,91
887,455,466,3.4,5,110,1.7,74
888,456,485,2.3,1,135,1.7,66
889,457,475,1.7,0,145,1.8,65
890,458,465,2.5,3,145,1.7,41
891,458,468,2.0,4,150,2.0,39
892,458,485,1.7,3,105,2.2,67
893,459,461,2.5,7,130,2.2,65
894,459,464,2.6,10,115,2.5,42
895,459,494,2.2,4,135,2.0,72
896,460,466,1.5,8,100,2.8,82
897,461,466,2.1,6,100,2.4,71
898,462,464,3.0,0,135,1.3,79
899,462,467,1.7,1,145,1.9,84
900,463,465,3.0,2,105,1.6,73
901,463,470,3.4,4,135,1.5,53
902,463,477,2.2,1,150,1.7,71
903,464,465,3.4,7,130,1.8,83
904,464,485,3.0,10,135,2.3,16
905,465,468,2.8,2,100,1.7,37
906,465,469,2.0,5,110,2.3,44
907,465,483,3.0,4,110,1.7,96
908,466,469,3.0,3,130,1.6,22
909,466,470,2.5,5,125,2.0,89
910,466,489,2.8,9,125,2.3,48
911,467,471,2.0,1,100,1.9,75
912,467,473,1.9,7,135,2.4,18
913,467,475,2.3,2,140,1.7,48
914,467,477,2.3,10,140,2.5,60
915,468,478,2.9,7,150,2.0,54
916,468,486,2.7,7,120,2.1,89
917,469,470,2.9,5,150,1.8,74
918,469,480,1.6,10,105,3.0,63
919,470,471,2.1,3,150,1.9,32
920,470,490,3.4,1,115,1.3,72
921,471,474,2.5,7,115,2.2,55
922,473,479,2.3,3,135,1.9,65
923,473,481,2.7,3,115,1.8,97
924,473,482,2.3,3,145,1.8,21
925,474,476,1.6,8,130,2.7,47
926,475,477,3.3,1,100,1.4,12
927,476,477,2.7,0,100,1.5,5
928,476,481,1.9,2,125,2.0,39
929,477,481,2.5,7,115,2.2,43
930,478,480,1.8,3,150,2.0,29
931,478,490,3.2,4,105,1.7,2
932,478,495,2.2,7,140,2.3,11
933,478,501,2.9,1,140,1.4,76
934,483,490,1.7,1,115,2.0,19
935,483,497,2.6,1,125,1.6,49
936,483,502,2.3,7,130,2.3,60
937,484,496,3.3,7,140,1.8,30
938,485,493,2.1,2,115,1.9,100
939,486,513,1.6,6,125,2.5,60
940,487,489,2.7,9,130,2.3,31
941,487,490,2.1,1,125,1.8,75
942,487,516,3.3,2,145,1.3,66
943,488,489,3.3,10,145,2.1,92
944,488,492,2.8,8,120,2.2,72
945,488,494,2.9,0,105,1.4,71
946,489,500,3.4,1,115,1.3,100
947,491,498,2.1,4,135,2.1,44
948,491,511,2.8,10,135,2.4,48
949,491,517,2.9,4,120,1.8,34
950,492,494,1.6,10,110,2.9,7
951,492,499,2.8,0,130,1.4,84
952,493,495,3.1,3,115,1.6,29
953,493,517,2.5,5,120,2.0,4
954,494,499,2.3,9,120,2.5,40
955,494,509,2.2,1,115,1.8,23
956,495,506,1.7,6,115,2.5,40
957,495,526,2.3,3,135,1.9,35
958,497,498,2.9,8,110,2.2,44
959,497,512,2.1,6,120,2.3,95
960,498,500,2.2,9,130,2.5,15
961,498,518,2.0,6,110,2.4,13
962,498,532,3.0,3,100,1.7,91
963,501,503,3.3,3,120,1.5,77
964,501,505,3.2,0,105,1.3,84
965,501,509,3.1,7,115,2.0,85
966,501,516,2.2,5,120,2.2,78
967,502,516,2.0,2,150,1.8,71
968,503,510,1.8,8,115,2.6,9
969,503,511,2.1,0,130,1.7,16
970,504,510,2.7,4,125,1.8,29
971,504,520,2.3,1,100,1.8,93
972,505,506,1.9,3,110,2.1,52
973,506,508,2.8,4,145,1.7,79
974,507,515,2.6,1,115,1.6,42
975,507,519,2.4,2,135,1.7,46
976,507,544,3.1,5,135,1.7,81
977,508,520,2.5,3,100,1.9,4
978,508,546,1.9,4,125,2.2,26
979,509,510,1.9,1,145,1.8,25
980,509,521,2.6,1,110,1.6,8
981,509,528,2.8,10,145,2.3,6
982,511,512,3.0,2,105,1.6,62
983,511,513,2.0,4,150,2.0,83
984,511,519,2.6,0,125,1.5,75
985,511,526,2.5,3,140,1.8,75
986,511,529,3.3,3,100,1.6,23
987,512,515,2.1,2,145,1.8,50
988,512,523,1.9,8,115,2.6,64
989,515,521,2.6,0,140,1.4,84
990,515,533,2.8,6,130,2.0,23
991,517,536,2.9,1,140,1.4,51
992,518,530,1.9,3,125,2.1,85
993,518,533,3.4,3,135,1.4,95
994,519,529,3.3,5,145,1.6,98
995,520,523,2.5,1,150,1.5,37
996,520,524,2.2,0,135,1.6,46
997,521,525,2.2,7,140,2.3,56
998,521,551,1.6,0,105,2.0,2
999,523,528,1.8,0,145,1.7,52
1000,523,544,1.9,1,150,1.8,21
1001,524,525,3.1,10,115,2.3,80
1002,524,529,1.7,0,105,1.9,50
1003,525,544,3.5,5,125,1.6,88
1004,526,527,2.3,2,150,1.7,37
1005,526,542,2.0,4,145,2.1,67
1006,528,563,2.3,0,110,1.6,62
1007,529,536,2.8,8,120,2.2,51
1008,529,546,1.8,7,135,2.5,29
1009,530,531,1.7,6,115,2.5,57
1010,530,533,1.6,9,140,2.7,14
1011,530,543,2.3,5,145,2.0,61
1012,530,552,2.4,1,105,1.7,19
1013,531,532,2.8,9,140,2.2,63
1014,531,536,3.3,4,135,1.5,53
1015,531,546,1.7,8,120,2.7,94
1016,531,561,1.9,1,120,1.9,46
1017,533,535,1.9,8,110,2.6,44
1018,533,537,2.7,8,105,2.3,44
1019,533,540,1.9,9,140,2.6,75
1020,533,541,2.3,6,150,2.1,80
1021,533,543,2.2,5,125,2.1,34
1022,533,545,2.3,5,105,2.2,82
1023,533,546,3.0,7,140,1.9,91
1024,534,538,1.9,7,145,2.4,75
1025,535,549,1.6,7,135,2.6,69
1026,536,537,2.6,2,145,1.6,58
1027,536,541,2.2,5,120,2.2,8
1028,537,541,1.6,9,130,2.8,77
1029,537,542,2.3,4,100,2.1,91
1030,537,551,3.2,9,110,2.2,37
1031,537,560,2.3,0,135,1.6,67
1032,538,540,3.4,0,115,1.2,95
1033,538,541,1.7,6,135,2.4,60
1034,538,546,2.5,2,100,1.8,12
1035,539,541,1.6,1,130,2.0,18
1036,540,547,3.2,10,125,2.2,71
1037,544,546,1.5,9,135,2.8,69
1038,545,546,1.8,7,145,2.4,80
1039,545,552,1.9,3,135,2.0,11
1040,545,553,1.5,5,140,2.4,9
1041,545,563,1.9,4,100,2.3,83
1042,545,565,2.3,2,100,1.9,35
1043,546,549,2.2,3,110,2.0,62
1044,546,553,2.8,2,110,1.6,24
1045,546,558,1.9,0,105,1.8,5
1046,547,548,2.5,4,130,1.9,21
1047,547,549,3.0,0,125,1.3,15
1048,548,549,3.4,3,115,1.5,78
1049,549,553,3.4,10,150,2.0,96
1050,549,562,3.0,2,100,1.6,5
1051,550,557,2.6,4,145,1.8,49
1052,550,577,1.6,1,105,2.1,48
1053,551,552,2.8,8,105,2.2,86
1054,551,554,2.3,7,145,2.2,77
1055,551,558,2.1,4,100,2.2,24
1056,551,563,2.4,8,125,2.4,44
1057,552,559,3.3,9,120,2.1,68
1058,555,556,3.4,5,115,1.7,71
1059,555,558,1.8,2,150,1.9,2
1060,555,567,2.7,8,115,2.3,87
1061,555,570,2.5,10,145,2.4,69
1062,558,569,3.4,1,140,1.2,96
1063,558,571,2.3,1,135,1.7,90
1064,558,588,2.1,1,120,1.8,6
1065,560,578,3.0,0,110,1.3,37
1066,561,566,1.8,7,130,2.5,100
1067,561,568,3.4,0,115,1.2,11
1068,561,569,2.0,0,135,1.7,39
1069,562,570,2.6,5,120,2.0,69
1070,563,572,2.7,6,125,2.0,74
1071,564,567,3.4,5,100,1.7,77
1072,566,583,1.5,0,120,2.0,64
1073,567,581,3.1,2,145,1.4,43
1074,568,569,2.4,8,125,2.4,69
1075,568,571,3.4,5,145,1.6,29
1076,569,580,2.0,1,150,1.7,6
1077,569,581,1.5,9,115,2.9,40
1078,571,573,2.9,2,110,1.6,51
1079,571,575,3.3,5,125,1.7,27
1080,571,576,2.9,7,105,2.1,31
1081,571,577,2.3,3,110,1.9,19
1082,571,583,3.5,10,125,2.1,44
1083,571,587,2.9,9,135,2.2,14
1084,572,573,1.9,7,125,2.5,37
1085,572,581,3.1,1,150,1.3,95
1086,573,578,2.5,5,135,2.0,78
1087,573,584,2.3,5,140,2.0,87
1088,574,576,3.2,10,100,2.3,20
1089,574,577,2.1,4,110,2.1,36
1090,577,582,2.8,8,145,2.1,28
1091,578,583,2.3,5,105,2.2,39
1092,578,618,3.0,3,120,1.6,56
1093,579,584,2.1,0,115,1.7,39
1094,579,597,2.4,5,135,2.0,34
1095,580,581,2.6,6,120,2.1,91
1096,580,583,2.1,3,100,2.1,62
1097,581,583,3.2,0,120,1.2,38
1098,581,594,2.8,4,110,1.8,94
1099,581,596,2.5,4,130,1.9,55
1100,583,585,1.8,7,105,2.6,67
1101,583,594,2.9,4,125,1.7,73
1102,583,597,2.2,10,100,2.7,7
1103,583,608,2.9,4,120,1.8,47
1104,584,585,1.8,9,130,2.7,95
1105,585,591,2.1,6,145,2.2,23
1106,585,593,2.6,9,150,2.3,29
1107,585,604,1.9,2,150,1.9,100
1108,585,609,1.8,0,120,1.8,95
1109,585,620,3.2,9,135,2.1,88
1110,586,597,2.6,4,105,1.9,54
1111,586,603,1.7,4,140,2.2,21
1112,587,588,2.1,4,100,2.2,22
1113,587,593,2.0,10,150,2.6,49
1114,587,595,1.9,8,135,2.5,23
1115,588,591,1.8,7,125,2.5,25
1116,588,592,2.4,5,145,2.0,36
1117,588,625,2.4,4,135,1.9,52
1118,589,590,3.0,0,145,1.2,37
1119,591,601,2.5,3,150,1.7,44
1120,591,606,2.6,8,120,2.3,8
1121,591,613,1.7,8,135,2.6,45
1122,591,614,3.3,6,140,1.7,57
1123,592,597,3.3,0,125,1.2,12
1124,593,597,1.6,2,125,2.1,30
1125,593,600,1.9,5,125,2.3,5
1126,593,609,2.6,6,145,2.0,92
1127,594,595,2.3,6,130,2.2,10
1128,594,609,3.3,4,125,1.6,49
1129,595,603,2.3,5,150,2.0,9
1130,599,609,1.8,5,105,2.4,7
1131,599,611,2.8,6,120,2.0,42
1132,600,604,3.0,9,150,2.1,51
1133,600,607,1.7,0,150,1.8,89
1134,602,603,3.2,4,100,1.7,54
1135,602,606,1.7,2,120,2.1,68
1136,602,622,3.0,10,140,2.2,66
1137,603,610,3.3,0,115,1.2,80
1138,604,631,2.8,1,150,1.4,55
1139,605,606,2.2,6,140,2.2,44
1140,605,608,3.3,4,110,1.6,32
1141,605,641,1.8,4,125,2.2,96
1142,606,613,2.3,4,110,2.0,47
1143,606,621,2.6,3,105,1.8,15
1144,606,646,3.0,3,135,1.6,64
1145,607,609,2.1,9,105,2.6,4
1146,607,612,2.0,0,150,1.6,6
1147,607,618,3.3,9,135,2.0,75
1148,607,623,1.5,10,110,3.0,3
1149,607,655,1.8,6,130,2.4,47
1150,608,616,3.2,10,130,2.2,40
1151,610,634,2.0,9,130,2.6,25
1152,611,626,2.5,2,100,1.8,51
1153,612,615,2.1,6,100,2.4,26
1154,612,617,2.6,10,130,2.5,71
1155,612,628,2.0,9,130,2.6,82
1156,613,623,2.4,9,115,2.5,60
1157,613,628,2.0,3,100,2.1,42
1158,614,616,2.6,3,105,1.8,63
1159,614,630,1.9,4,100,2.3,83
1160,615,616,3.3,9,150,2.0,42
1161,616,622,2.6,2,145,1.6,68
1162,617,622,2.4,1,150,1.6,89
1163,617,623,2.8,1,100,1.6,5
1164,617,624,2.0,4,130,2.1,23
1165,617,635,1.7,6,110,2.5,15
1166,618,629,3.2,2,120,1.4,14
1167,619,621,2.6,3,120,1.8,43
1168,620,625,2.8,3,105,1.8,79
1169,620,626,2.4,2,120,1.8,60
1170,620,642,2.7,6,100,2.1,19
1171,621,626,3.2,5,110,1.8,55
1172,621,630,2.6,4,140,1.8,89
1173,622,632,2.5,10,130,2.5,0
1174,622,633,2.3,6,145,2.1,20
1175,623,635,2.6,3,145,1.7,60
1176,624,625,2.8,1,145,1.4,71
1177,624,634,3.4,1,120,1.2,0
1178,624,645,3.0,4,105,1.8,74
1179,625,626,2.2,4,135,2.0,85
1180,625,632,3.2,6,140,1.8,76
1181,627,634,1.7,4,135,2.2,77
1182,627,636,1.9,2,100,2.1,21
1183,627,642,3.0,2,115,1.5,15
1184,627,645,3.3,6,115,1.8,35
1185,628,631,2.5,5,100,2.1,10
1186,629,630,2.3,2,135,1.8,95
1187,629,635,2.8,10,125,2.4,81
1188,630,631,3.3,2,100,1.5,48
1189,630,640,2.0,5,110,2.3,17
1190,630,642,2.9,8,100,2.2,16
1191,631,641,3.5,1,140,1.1,69
1192,632,658,1.7,9,110,2.8,52
1193,633,634,3.0,3,125,1.6,25
1194,633,638,3.5,8,140,1.8,52
1195,633,646,1.5,6,130,2.5,25
1196,633,650,1.8,4,115,2.2,99
1197,634,637,2.8,3,145,1.6,45
1198,635,637,2.8,9,105,2.4,62
1199,635,640,2.6,9,140,2.3,97
1200,635,648,2.6,8,115,2.3,39
1201,636,638,1.8,0,105,1.9,18
1202,637,639,2.4,9,135,2.4,65
1203,637,650,1.7,6,125,2.5,14
1204,638,644,1.6,10,150,2.8,36
1205,638,658,1.6,9,100,2.9,71
1206,640,645,2.4,7,150,2.2,61
1207,640,663,2.4,8,145,2.3,52
1208,640,664,2.5,1,115,1.6,56
1209,641,642,2.1,4,120,2.1,54
1210,641,647,2.3,5,120,2.1,19
1211,642,644,2.1,2,100,2.0,34
1212,642,646,3.2,9,145,2.0,92
1213,642,658,2.5,10,140,2.5,61
1214,643,649,3.0,10,110,2.3,18
1215,643,652,3.5,2,100,1.4,54
1216,643,654,2.8,0,140,1.3,84
1217,643,696,3.0,4,120,1.7,26
1218,647,650,1.6,2,105,2.2,70
1219,648,662,2.1,8,105,2.5,81
1220,649,668,2.3,8,140,2.3,32
1221,649,676,2.9,3,100,1.7,33
1222,651,654,2.1,0,130,1.7,79
1223,651,655,1.9,10,100,2.9,6
1224,653,663,3.2,10,100,2.3,64
1225,655,664,3.3,9,110,2.1,63
1226,655,666,1.5,2,110,2.2,12
1227,656,660,2.1,10,140,2.6,68
1228,657,660,3.3,7,145,1.8,39
1229,659,661,3.4,9,140,2.0,12
1230,659,670,3.2,3,120,1.5,44
1231,660,669,2.0,6,150,2.2,70
1232,660,671,2.5,8,145,2.2,75
1233,661,669,3.1,6,115,1.9,10
1234,662,670,3.0,1,125,1.4,17
1235,662,672,2.1,1,115,1.8,73
1236,662,675,1.9,9,105,2.7,65
1237,663,666,2.6,9,140,2.3,51
1238,663,687,2.1,2,150,1.8,32
1239,664,665,1.8,8,145,2.5,60
1240,664,666,2.2,0,115,1.7,97
1241,664,670,3.3,6,135,1.7,46
1242,664,672,1.7,5,110,2.4,47
1243,665,672,3.3,3,105,1.5,41
1244,667,668,2.7,6,115,2.1,35
1245,668,690,2.2,8,125,2.4,68
1246,669,674,2.6,7,140,2.1,84
1247,669,687,1.9,9,135,2.6,71
1248,671,681,2.1,10,135,2.7,81
1249,671,684,2.3,8,150,2.3,54
1250,671,689,1.7,6,145,2.4,73
1251,672,676,1.6,1,140,1.9,29
1252,672,679,2.1,3,130,2.0,87
1253,672,681,3.0,1,115,1.4,27
1254,673,686,3.1,6,100,1.9,16
1255,673,689,2.6,6,120,2.1,79
1256,673,701,2.5,0,100,1.6,80
1257,674,677,2.3,8,110,2.4,23
1258,674,679,2.0,10,120,2.7,35
1259,674,681,3.2,9,115,2.1,81
1260,674,686,2.7,3,105,1.8,77
1261,675,680,2.2,4,100,2.1,52
1262,675,688,3.2,7,140,1.9,92
1263,675,693,2.4,4,110,2.0,42
1264,675,713,1.7,8,125,2.7,41
1265,676,679,1.8,2,150,1.9,15
1266,676,681,2.8,10,140,2.3,15
1267,676,686,2.6,2,100,1.8,26
1268,676,688,1.8,1,120,1.9,19
1269,676,703,3.2,9,115,2.1,16
1270,677,680,3.3,7,125,1.9,62
1271,677,685,1.8,0,120,1.8,88
1272,677,686,3.0,0,150,1.2,38
1273,677,696,2.3,8,130,2.4,49
1274,677,703,2.7,9,120,2.3,31
1275,681,684,3.1,7,100,2.0,43
1276,681,697,3.3,10,115,2.2,20
1277,682,683,2.3,2,145,1.7,45
1278,682,696,2.6,10,140,2.4,44
1279,683,694,2.2,0,105,1.7,78
1280,685,687,2.8,0,125,1.4,47
1281,685,694,3.3,9,130,2.1,87
1282,686,688,1.8,0,130,1.8,95
1283,686,694,3.0,8,115,2.1,28
1284,687,688,3.1,9,100,2.2,78
1285,687,691,2.9,0,135,1.3,70
1286,687,707,1.6,7,105,2.7,85
1287,687,714,2.3,3,135,1.9,79
1288,688,707,2.6,7,115,2.2,26
1289,689,704,1.7,6,120,2.5,20
1290,692,694,1.8,7,100,2.6,87
1291,692,696,2.7,3,100,1.8,51
1292,694,696,1.8,6,135,2.4,21
1293,694,712,3.0,5,120,1.8,68
1294,695,699,3.5,7,140,1.7,57
1295,695,711,3.0,5,110,1.8,9
1296,695,713,2.8,6,140,1.9,81
1297,695,718,2.1,5,140,2.1,60
1298,696,745,2.2,0,110,1.7,79
1299,697,700,2.4,7,110,2.3,99
1300,697,704,1.9,6,150,2.3,21
1301,697,715,2.7,6,140,2.0,85
1302,698,701,2.3,1,110,1.7,72
1303,699,704,3.2,9,125,2.1,74
1304,699,710,2.7,2,120,1.6,11
1305,700,701,3.4,0,150,1.0,75
1306,700,703,2.6,9,135,2.3,8
1307,700,711,2.1,3,140,1.9,90
1308,701,703,2.4,10,125,2.6,19
1309,701,734,3.3,6,100,1.9,1
1310,702,703,2.6,4,100,2.0,44
1311,703,704,1.9,0,110,1.8,96
1312,703,711,1.7,1,115,2.0,56
1313,703,712,3.1,2,130,1.4,87
1314,703,721,2.3,10,115,2.6,92
1315,703,734,2.4,0,110,1.6,64
1316,704,709,1.8,9,145,2.6,52
1317,704,711,3.1,8,140,2.0,27
1318,704,715,2.6,10,150,2.4,19
1319,704,718,3.1,1,145,1.3,77
1320,706,710,1.9,6,120,2.4,36
1321,706,726,3.4,2,110,1.4,44
1322,707,716,3.1,1,145,1.3,27
1323,708,713,3.1,1,105,1.4,50
1324,708,728,1.5,2,120,2.2,51
1325,709,710,1.7,9,115,2.8,80
1326,709,711,2.5,3,110,1.9,95
1327,709,714,2.1,8,105,2.5,43
1328,709,719,3.2,9,150,2.0,18
1329,710,713,3.2,8,105,2.1,73
1330,710,716,1.8,8,135,2.6,36
1331,710,732,2.5,8,125,2.3,53
1332,711,712,2.9,5,140,1.8,21
1333,711,736,2.7,10,105,2.5,56
1334,713,714,2.2,5,135,2.1,50
1335,713,715,2.9,7,150,2.0,68
1336,713,716,3.2,4,150,1.5,49
1337,713,720,1.7,0,145,1.8,33
1338,713,724,2.5,8,135,2.3,49
1339,713,752,3.1,2,130,1.4,59
1340,714,715,3.5,4,135,1.5,78
1341,714,716,2.1,3,120,2.0,44
1342,714,731,2.8,1,110,1.5,63
1343,714,733,2.0,4,105,2.2,56
1344,715,719,2.6,7,145,2.1,29
1345,715,720,2.9,3,115,1.7,0
1346,715,723,2.8,5,125,1.9,88
1347,716,722,3.2,2,125,1.4,62
1348,716,723,3.4,8,120,1.9,25
1349,716,735,2.4,9,130,2.4,69
1350,717,719,3.4,7,125,1.8,43
1351,717,720,2.3,10,130,2.6,10
1352,718,723,2.5,2,100,1.8,35
1353,718,743,2.9,4,135,1.7,35
1354,719,724,3.3,3,125,1.5,8
1355,720,725,1.7,7,120,2.6,37
1356,720,731,2.7,9,115,2.4,4
1357,721,729,1.7,9,120,2.8,74
1358,721,740,2.0,4,115,2.2,89
1359,721,741,2.7,8,125,2.2,81
1360,722,725,2.7,7,130,2.1,41
1361,722,730,1.8,9,110,2.8,35
1362,722,733,2.0,8,135,2.5,48
1363,722,739,3.3,3,120,1.5,81
1364,722,749,1.9,2,145,1.9,85
1365,725,734,3.5,3,110,1.4,41
1366,726,728,3.1,8,100,2.1,43
1367,726,741,1.9,2,125,2.0,55
1368,726,747,1.8,9,120,2.7,68
1369,727,731,3.1,2,130,1.4,1
1370,727,748,2.8,5,145,1.8,69
1371,728,730,2.8,0,110,1.4,26
1372,728,737,2.0,2,140,1.9,71
1373,730,733,2.6,10,145,2.4,3
1374,730,735,2.8,10,115,2.4,38
1375,730,741,2.8,8,110,2.2,31
1376,730,745,2.5,0,125,1.5,61
1377,731,737,2.1,4,105,2.1,50
1378,731,764,2.2,2,135,1.8,44
1379,732,741,2.5,4,100,2.0,2
1380,732,743,2.2,4,150,2.0,29
1381,732,764,2.9,10,140,2.3,53
1382,732,766,1.8,9,120,2.7,64
1383,733,734,1.6,10,125,2.9,100
1384,733,757,3.2,10,135,2.2,70
1385,734,740,2.8,9,115,2.3,19
1386,734,753,1.8,3,110,2.2,69
1387,735,736,2.1,3,140,1.9,49
1388,735,740,1.9,5,110,2.3,90
1389,736,739,3.2,10,135,2.2,78
1390,736,740,3.0,0,105,1.4,15
1391,736,744,1.6,10,110,2.9,48
1392,736,747,2.8,0,100,1.5,42
1393,736,755,1.9,6,135,2.3,10
1394,737,766,2.5,2,145,1.6,42
1395,739,740,3.2,5,100,1.8,56
1396,739,743,1.9,10,130,2.8,46
1397,739,775,2.0,4,105,2.2,93
1398,741,749,2.4,7,110,2.3,31
1399,741,753,3.0,6,150,1.8,11
1400,743,746,2.5,2,135,1.7,11
1401,743,755,1.5,10,130,2.9,53
1402,743,764,2.4,5,100,2.1,74
1403,743,797,2.7,1,105,1.6,30
1404,744,747,1.6,2,105,2.2,34
1405,744,754,3.3,8,105,2.0,76
1406,745,748,2.9,0,115,1.4,27
1407,745,750,3.2,10,100,2.3,73
1408,745,752,3.1,2,135,1.4,85
1409,745,765,3.1,10,105,2.3,16
1410,746,748,2.3,2,105,1.9,79
1411,746,749,3.2,7,150,1.8,65
1412,746,754,3.0,5,105,1.9,35
1413,746,763,3.1,0,110,1.3,15
1414,747,748,2.3,5,100,2.2,14
1415,747,756,2.6,10,115,2.5,40
1416,747,770,2.2,5,120,2.2,46
1417,748,750,2.6,2,125,1.7,40
1418,748,752,1.8,7,145,2.4,12
1419,748,757,2.6,6,110,2.1,70
1420,748,765,1.6,1,150,1.9,94
1421,750,755,2.2,0,130,1.6,14
1422,751,757,2.0,9,105,2.7,10
1423,751,774,3.4,0,100,1.2,72
1424,752,754,1.5,10,110,3.0,25
1425,753,764,2.2,6,115,2.3,48
1426,754,756,2.6,7,105,2.2,4
1427,754,761,3.3,7,135,1.8,26
1428,755,762,2.7,10,115,2.5,16
1429,757,763,2.8,5,145,1.8,21
1430,757,770,2.6,10,110,2.5,77
1431,757,790,2.0,8,150,2.4,45
1432,758,764,3.1,6,125,1.9,69
1433,759,766,3.0,9,110,2.2,26
1434,760,791,2.4,4,140,1.9,18
1435,761,762,1.8,8,125,2.6,2
1436,761,763,2.9,5,115,1.9,48
1437,761,769,3.5,7,125,1.8,31
1438,761,770,2.5,1,105,1.7,54
1439,761,775,3.2,7,115,1.9,75
1440,763,771,3.0,4,150,1.6,31
1441,763,772,3.4,1,115,1.3,85
1442,764,765,2.8,2,135,1.6,17
1443,764,767,2.9,3,120,1.7,15
1444,764,785,2.5,4,150,1.8,47
1445,766,773,1.9,6,145,2.3,40
1446,766,778,2.4,7,125,2.3,58
1447,766,787,2.4,8,100,2.4,14
1448,767,769,1.6,1,105,2.1,71
1449,767,770,2.4,3,150,1.8,48
1450,767,773,3.5,7,100,1.9,38
1451,767,775,2.8,6,150,1.9,24
1452,767,780,3.4,5,115,1.7,69
1453,767,791,3.0,1,115,1.4,5
1454,768,770,1.8,6,115,2.4,60
1455,768,774,2.2,9,100,2.6,54
1456,768,792,3.1,4,120,1.7,8
1457,769,777,3.5,7,115,1.8,0
1458,770,771,3.4,8,150,1.8,82
1459,771,773,2.5,8,105,2.4,4
1460,771,777,3.2,9,130,2.1,91
1461,773,777,1.6,8,100,2.8,65
1462,773,778,2.7,7,140,2.1,2
1463,773,781,1.9,2,140,1.9,12
1464,773,793,2.8,6,110,2.0,61
1465,774,776,2.6,6,150,2.0,42
1466,774,779,1.7,5,135,2.3,79
1467,774,786,2.8,2,115,1.6,12
1468,775,776,3.0,10,115,2.3,32
1469,775,777,3.2,5,145,1.6,46
1470,775,788,2.0,2,115,2.0,74
1471,775,789,3.1,10,150,2.2,19
1472,776,780,3.3,8,105,2.0,53
1473,776,794,1.9,0,135,1.7,97
1474,777,779,2.2,3,110,2.0,50
1475,777,785,1.6,7,140,2.5,64
1476,779,780,2.0,0,115,1.8,46
1477,779,781,3.1,3,150,1.5,97
1478,779,782,3.0,0,135,1.3,43
1479,779,791,2.1,9,150,2.5,67
1480,779,801,2.0,8,115,2.6,70
1481,779,827,3.4,2,105,1.4,93
1482,780,781,3.0,10,115,2.3,41
1483,780,784,2.5,4,135,1.9,80
1484,781,784,1.7,10,150,2.8,46
1485,781,787,1.7,3,125,2.2,71
1486,781,794,3.4,7,110,1.9,9
1487,782,790,1.7,3,150,2.1,30
1488,783,787,3.0,6,125,1.9,40
1489,783,792,3.5,0,130,1.1,54
1490,784,787,2.9,0,110,1.4,84
1491,784,794,2.9,4,100,1.8,0
1492,784,795,1.8,3,140,2.1,38
1493,785,789,1.9,9,130,2.7,84
1494,785,798,2.0,2,105,2.0,51
1495,785,817,2.2,1,135,1.7,3
1496,786,790,1.5,6,135,2.5,57
1497,786,791,1.8,7,120,2.5,16
1498,786,794,1.9,9,140,2.6,4
1499,788,789,2.2,7,145,2.3,21
1500,788,792,1.8,1,125,1.9,66
1501,789,796,3.3,4,105,1.6,48
1502,790,801,2.7,9,100,2.4,5
1503,791,792,2.8,10,140,2.3,90
1504,791,795,3.1,2,130,1.4,10
1505,791,800,1.7,8,150,2.6,4
1506,791,806,3.0,3,135,1.6,9
1507,792,794,2.7,9,130,2.3,90
1508,793,797,3.3,1,125,1.3,66
1509,794,802,2.5,5,105,2.1,34
1510,795,799,1.8,3,115,2.1,89
1511,795,802,2.9,3,110,1.7,99
1512,795,804,2.8,7,100,2.2,98
1513,797,802,1.8,6,125,2.4,6
1514,797,828,3.1,3,145,1.5,95
1515,798,799,3.2,0,130,1.2,27
1516,798,815,3.3,0,130,1.2,52
1517,799,803,2.5,8,105,2.4,21
1518,799,826,3.0,8,100,2.2,81
1519,800,806,2.4,5,115,2.1,81
1520,800,865,3.1,7,140,1.9,93
1521,801,805,2.0,3,100,2.1,86
1522,801,811,2.0,8,145,2.5,14
1523,802,803,3.1,3,135,1.5,41
1524,802,810,2.1,5,135,2.2,44
1525,803,806,2.1,3,140,1.9,20
1526,803,810,2.6,7,135,2.1,12
1527,803,842,3.1,4,130,1.6,32
1528,804,808,1.7,0,145,1.8,84
1529,804,809,3.2,5,140,1.7,74
1530,804,860,2.4,1,105,1.7,6
1531,806,814,3.1,9,125,2.2,13
1532,807,811,2.9,3,135,1.6,74
1533,809,810,1.6,1,105,2.1,8
1534,809,820,3.3,0,150,1.1,32
1535,809,846,2.7,9,150,2.2,23
1536,810,814,1.7,2,140,2.0,85
1537,810,817,2.1,3,120,2.0,61
1538,811,820,3.4,8,130,1.9,75
1539,812,822,3.3,6,145,1.7,77
1540,812,833,2.4,2,140,1.7,36
1541,813,827,2.3,6,130,2.2,63
1542,814,815,1.6,0,115,1.9,30
1543,814,836,2.8,9,140,2.2,27
1544,815,820,2.7,6,115,2.1,33
1545,816,826,1.5,9,120,2.9,35
1546,816,828,1.7,10,135,2.8,81
1547,817,819,2.5,7,100,2.3,41
1548,817,830,3.1,6,125,1.9,47
1549,818,829,2.5,3,110,1.9,26
1550,819,820,3.5,7,120,1.8,59
1551,819,821,3.2,5,140,1.7,59
1552,819,838,1.7,10,125,2.9,0
1553,820,824,3.4,0,135,1.1,66
1554,822,829,1.8,2,140,2.0,48
1555,822,841,2.4,10,130,2.5,71
1556,823,832,2.2,5,110,2.2,44
1557,823,837,2.4,10,145,2.5,81
1558,824,825,1.9,6,125,2.4,100
1559,824,829,1.8,6,140,2.4,65
1560,824,832,2.7,0,100,1.5,51
1561,824,838,3.2,9,110,2.2,37
1562,824,846,1.5,0,110,2.0,72
1563,825,829,2.8,7,100,2.2,82
1564,825,833,3.0,4,100,1.8,6
1565,825,837,2.7,8,135,2.2,77
1566,826,833,1.9,10,125,2.8,39
1567,827,841,3.1,9,105,2.2,8
1568,829,831,1.6,9,115,2.8,68
1569,830,835,3.2,5,135,1.7,92
1570,830,842,2.7,6,105,2.1,3
1571,830,852,2.9,9,115,2.3,94
1572,831,832,2.3,2,135,1.8,49
1573,831,833,1.6,3,135,2.2,0
1574,831,836,3.3,9,150,2.0,88
1575,831,848,3.4,6,140,1.7,14
1576,831,856,2.3,8,110,2.4,38
1577,832,838,2.2,5,125,2.1,45
1578,832,841,3.4,4,130,1.5,63
1579,832,851,2.5,2,105,1.8,21
1580,833,845,3.0,6,110,1.9,32
1581,833,865,2.5,1,100,1.7,5
1582,834,838,2.0,9,125,2.6,73
1583,834,851,1.8,5,115,2.3,47
1584,835,845,1.7,0,100,1.9,12
1585,836,838,1.9,0,125,1.8,3
1586,836,839,2.7,3,135,1.7,68
1587,836,840,2.3,4,120,2.0,30
1588,836,841,2.8,6,140,1.9,52
1589,836,861,2.4,6,120,2.2,66
1590,837,839,2.7,8,150,2.1,25
1591,837,846,2.7,7,150,2.0,80
1592,837,849,2.1,6,105,2.4,96
1593,837,859,3.4,3,130,1.4,63
1594,838,840,2.6,1,150,1.5,25
1595,838,853,2.1,8,100,2.6,23
1596,839,841,1.6,5,100,2.5,94
1597,839,844,3.4,8,115,2.0,71
1598,840,843,3.0,1,115,1.4,10
1599,840,867,1.8,5,100,2.4,23
1600,841,843,1.7,7,110,2.6,0
1601,841,855,2.5,8,140,2.3,57
1602,842,856,3.0,6,120,1.9,96
1603,843,845,2.9,10,125,2.3,61
1604,843,850,2.6,3,115,1.8,75
1605,844,862,2.4,4,125,2.0,53
1606,845,864,2.8,2,125,1.6,52
1607,846,849,2.4,1,120,1.7,66
1608,846,855,1.7,2,110,2.1,80
1609,847,849,2.2,10,150,2.6,46
1610,847,857,3.2,1,115,1.3,27
1611,847,860,1.6,1,145,1.9,7
1612,848,849,2.7,7,145,2.1,80
1613,848,856,1.8,5,115,2.3,75
1614,849,850,2.8,10,100,2.5,36
1615,850,851,2.3,2,145,1.7,73
1616,850,857,3.3,7,120,1.9,54
1617,850,880,2.7,6,115,2.1,88
1618,850,891,2.9,1,120,1.5,66
1619,851,869,2.6,5,130,2.0,1
1620,851,876,1.8,7,120,2.5,24
1621,852,853,1.9,2,140,1.9,78
1622,852,854,1.6,5,145,2.3,85
1623,852,858,2.0,10,125,2.7,21
1624,852,866,1.6,2,110,2.1,51
1625,853,870,3.5,8,105,1.9,30
1626,854,857,1.8,3,130,2.1,96
1627,854,863,1.5,1,150,2.0,23
1628,854,876,2.0,8,140,2.5,52
1629,855,860,2.8,7,110,2.1,77
1630,855,879,3.2,5,145,1.6,95
1631,855,881,2.2,1,120,1.8,66
1632,855,910,2.7,1,115,1.6,57
1633,856,861,1.7,5,120,2.4,95
1634,856,864,1.8,6,120,2.4,77
1635,856,865,1.7,6,115,2.5,99
1636,857,868,2.1,4,100,2.2,86
1637,859,865,2.2,9,110,2.6,20
1638,860,861,3.4,2,105,1.4,48
1639,861,862,2.2,0,150,1.6,66
1640,861,863,1.6,10,130,2.9,78
1641,861,865,3.3,4,140,1.5,52
1642,861,866,3.2,9,110,2.2,98
1643,862,864,2.9,3,110,1.7,9
1644,862,865,3.3,2,120,1.4,30
1645,862,866,2.1,0,110,1.7,68
1646,862,868,3.0,7,100,2.1,51
1647,862,873,2.0,4,150,2.0,46
1648,862,901,3.2,7,125,1.9,41
1649,863,866,3.3,9,115,2.1,61
1650,863,868,1.6,9,115,2.8,49
1651,863,875,3.1,7,140,1.9,24
1652,863,879,3.2,7,115,1.9,77
1653,864,870,2.2,1,115,1.8,93
1654,864,871,2.7,1,120,1.5,2
1655,864,876,3.3,3,105,1.5,41
1656,864,882,2.0,0,140,1.7,34
1657,865,868,2.1,5,100,2.3,64
1658,865,877,3.0,7,145,1.9,0
1659,866,890,2.6,9,150,2.3,62
1660,867,879,2.1,3,100,2.1,5
1661,867,883,1.5,4,120,2.4,7
1662,868,870,1.6,9,105,2.9,95
1663,868,873,3.0,8,125,2.1,85
1664,868,877,1.6,10,130,2.9,15
1665,869,876,2.2,4,140,2.0,91
1666,869,891,2.9,10,120,2.4,46
1667,870,871,2.6,9,135,2.3,19
1668,870,881,1.8,8,135,2.6,0
1669,871,893,3.5,9,115,2.0,70
1670,871,896,3.4,10,105,2.2,49
1671,872,873,1.8,3,100,2.2,72
1672,872,874,2.6,3,115,1.8,38
1673,873,875,1.6,4,125,2.3,32
1674,873,876,3.4,10,120,2.1,59
1675,873,879,2.7,4,125,1.8,59
1676,873,900,2.9,4,140,1.7,81
1677,874,882,2.7,1,105,1.6,59
1678,874,909,2.4,5,115,2.1,95
1679,875,877,3.0,5,125,1.8,4
1680,875,878,3.0,6,140,1.8,50
1681,875,882,3.3,3,120,1.5,26
1682,875,888,3.4,8,125,1.9,43
1683,876,884,2.0,0,120,1.7,78
1684,876,907,1.9,5,150,2.2,77
1685,877,881,3.1,2,150,1.4,5
1686,877,883,1.5,9,100,2.9,81
1687,878,880,1.9,1,100,2.0,11
1688,878,881,2.1,1,145,1.7,72
1689,878,896,3.0,9,125,2.2,95
1690,879,881,1.7,1,130,1.9,38
1691,879,883,2.9,8,135,2.1,37
1692,879,922,3.0,8,120,2.1,56
1693,880,882,2.9,2,145,1.5,74
1694,880,894,3.5,8,130,1.9,47
1695,881,882,1.5,4,140,2.3,93
1696,881,883,2.9,1,135,1.4,11
1697,882,890,1.6,9,125,2.8,61
1698,883,890,1.8,0,100,1.9,79
1699,883,892,2.9,3,115,1.7,66
1700,884,885,2.4,5,140,2.0,85
1701,885,886,1.8,9,145,2.6,93
1702,885,899,2.5,6,105,2.2,32
1703,886,888,1.6,2,135,2.1,93
1704,886,900,2.6,2,140,1.6,92
1705,887,888,3.2,10,115,2.2,74
1706,887,897,2.4,8,145,2.3,80
1707,888,889,3.1,3,145,1.5,9
1708,888,896,3.0,6,135,1.9,93
1709,889,890,3.3,4,120,1.6,44
1710,889,892,3.2,4,115,1.6,49
1711,890,892,1.9,8,120,2.6,33
1712,890,911,2.7,3,150,1.6,72
1713,891,895,3.2,8,105,2.1,77
1714,892,894,1.8,3,135,2.1,93
1715,892,898,2.4,7,135,2.2,61
1716,893,903,1.7,5,100,2.4,88
1717,895,897,2.9,10,150,2.3,84
1718,895,902,2.3,6,110,2.2,31
1719,896,912,2.4,4,100,2.0,95
1720,896,927,2.5,10,140,2.5,9
1721,897,900,3.3,4,150,1.5,4
1722,897,905,3.3,2,150,1.3,19
1723,898,910,3.3,2,140,1.3,34
1724,899,905,1.5,0,140,1.9,49
1725,899,906,2.0,4,130,2.1,81
1726,901,911,1.8,8,115,2.6,86
1727,901,912,2.1,10,145,2.6,42
1728,902,910,1.5,4,105,2.4,17
1729,902,914,2.1,2,150,1.8,62
1730,902,916,2.3,6,150,2.1,58
1731,903,905,1.6,5,100,2.5,25
1732,903,906,3.0,2,150,1.4,66
1733,903,917,3.5,5,130,1.6,41
1734,904,912,2.4,1,115,1.7,25
1735,905,908,2.1,9,110,2.6,65
1736,905,913,2.6,0,145,1.4,77
1737,906,911,1.5,4,120,2.4,19
1738,906,915,3.2,2,120,1.4,73
1739,906,936,1.6,1,115,2.0,21
1740,908,915,3.4,4,135,1.5,33
1741,908,919,3.0,3,145,1.5,83
1742,908,922,3.1,7,125,2.0,98
1743,910,911,3.1,7,140,1.9,95
1744,910,914,2.2,5,115,2.2,48
1745,910,939,1.8,2,125,2.0,79
1746,910,941,3.4,0,135,1.1,7
1747,911,912,2.1,8,110,2.5,31
1748,911,921,1.8,4,150,2.1,12
1749,911,929,2.1,4,100,2.2,67
1750,911,935,2.7,0,125,1.4,48
1751,912,916,3.2,3,150,1.4,96
1752,912,917,3.0,4,135,1.7,17
1753,913,917,2.5,1,140,1.6,57
1754,914,921,1.5,8,140,2.7,74
1755,914,955,2.9,3,140,1.6,69
1756,916,918,2.8,6,100,2.1,64
1757,916,920,1.8,6,115,2.4,95
1758,916,933,3.4,3,135,1.4,79
1759,917,919,1.9,1,115,1.9,89
1760,917,922,1.8,7,115,2.5,11
1761,917,929,2.5,9,105,2.5,98
1762,917,934,2.5,8,150,2.2,36
1763,918,922,1.5,4,115,2.4,89
1764,918,923,1.6,7,100,2.7,97
1765,918,925,3.5,1,140,1.1,87
1766,920,921,2.7,6,140,2.0,50
1767,920,922,1.9,7,105,2.5,54
1768,920,923,3.0,8,140,2.0,61
1769,920,936,1.8,0,125,1.8,67
1770,920,938,2.0,9,145,2.6,4
1771,921,922,2.8,5,135,1.9,3
1772,921,930,3.3,7,115,1.9,20
1773,921,933,2.3,7,105,2.4,91
1774,921,937,3.4,6,105,1.8,14
1775,922,923,2.9,3,110,1.7,35
1776,922,925,3.2,7,105,2.0,22
1777,922,929,1.8,6,145,2.3,94
1778,922,940,3.2,8,110,2.1,73
1779,922,941,2.1,0,145,1.6,65
1780,923,924,1.8,0,120,1.8,15
1781,923,932,3.1,3,145,1.5,82
1782,923,935,2.9,8,110,2.2,15
1783,923,947,2.1,2,100,2.0,70
1784,923,951,3.5,7,105,1.8,85
1785,923,974,1.5,10,115,3.0,81
1786,924,925,3.2,1,130,1.3,15
1787,924,928,2.0,8,125,2.5,46
1788,924,966,3.4,8,140,1.9,8
1789,925,929,3.0,5,110,1.8,64
1790,925,939,2.0,4,130,2.1,3
1791,926,932,3.0,2,145,1.4,51
1792,927,939,2.8,4,110,1.8,51
1793,928,929,2.1,6,150,2.2,7
1794,928,933,3.3,9,120,2.1,73
1795,928,938,2.9,1,140,1.4,95
1796,929,934,2.8,7,140,2.0,38
1797,929,936,2.1,10,110,2.7,61
1798,929,949,3.0,8,110,2.1,8
1799,930,932,3.2,1,150,1.2,35
1800,931,945,2.6,8,140,2.2,95
1801,931,953,3.4,2,125,1.3,26
1802,932,934,1.7,1,115,2.0,1
1803,932,946,2.5,5,105,2.1,20
1804,933,950,2.6,3,125,1.8,2
1805,933,957,3.0,3,120,1.6,38
1806,934,936,2.5,10,110,2.6,5
1807,934,939,3.4,6,125,1.7,78
1808,934,952,1.8,1,135,1.9,58
1809,934,955,3.3,3,150,1.4,80
1810,935,944,1.5,10,135,2.9,1
1811,935,963,1.5,10,130,2.9,13
1812,937,950,2.8,9,150,2.2,50
1813,938,940,2.7,10,105,2.5,40
1814,938,941,2.6,0,130,1.5,63
1815,938,947,1.9,10,135,2.7,54
1816,939,942,1.7,9,135,2.7,46
1817,939,946,3.4,4,100,1.6,59
1818,941,942,2.3,1,125,1.7,8
1819,942,944,2.2,5,150,2.1,19
1820,943,946,2.4,10,140,2.5,93
1821,944,952,1.9,10,130,2.8,19
1822,944,955,1.8,0,135,1.8,78
1823,945,950,1.8,3,145,2.0,44
1824,945,953,2.6,5,115,2.0,66
1825,945,954,2.2,2,125,1.8,56
1826,945,955,1.9,1,140,1.8,40
1827,945,962,3.5,10,130,2.1,47
1828,946,948,2.7,1,145,1.5,70
1829,946,957,3.3,1,105,1.3,0
1830,947,951,1.8,5,110,2.4,37
1831,947,953,1.9,0,120,1.8,91
1832,948,951,2.6,4,110,1.9,20
1833,948,965,3.3,8,150,1.9,86
1834,949,952,1.6,0,130,1.9,10
1835,949,954,3.5,1,110,1.2,58
1836,949,968,2.8,9,110,2.3,87
1837,949,973,3.1,6,100,1.9,37
1838,950,951,3.4,2,110,1.4,46
1839,950,954,2.1,3,115,2.0,97
1840,950,959,2.6,9,135,2.3,64
1841,951,955,1.6,2,135,2.1,20
1842,953,954,2.7,0,145,1.4,99
1843,953,955,1.8,10,105,2.9,19
1844,953,957,1.5,10,130,2.9,6
1845,953,959,3.2,1,110,1.4,24
1846,954,955,2.3,5,150,2.0,9
1847,954,956,2.6,7,130,2.2,2
1848,954,972,3.0,7,110,2.0,91
1849,954,983,3.4,10,145,2.1,89
1850,955,957,3.4,6,130,1.7,99
1851,955,959,3.3,6,120,1.8,91
1852,955,960,1.9,9,115,2.7,86
1853,955,962,2.2,2,110,1.9,18
1854,957,961,1.5,3,135,2.2,49
1855,957,969,2.8,9,140,2.2,68
1856,959,965,3.3,0,150,1.1,13
1857,959,966,2.9,6,105,2.0,0
1858,960,978,1.6,5,150,2.3,34
1859,960,983,1.6,10,100,3.0,29
1860,961,973,3.1,9,115,2.2,88
1861,962,965,2.7,7,100,2.2,12
1862,962,968,3.2,1,145,1.2,24
1863,962,970,1.6,0,100,2.0,22
1864,962,972,2.5,3,125,1.8,12
1865,962,977,3.4,3,115,1.5,78
1866,963,973,2.8,1,130,1.5,45
1867,964,985,2.8,5,135,1.9,74
1868,965,969,3.5,0,145,1.0,59
1869,965,974,2.6,8,130,2.3,74
1870,965,977,2.8,1,135,1.5,33
1871,966,967,2.7,2,130,1.6,74
1872,968,970,1.7,3,105,2.2,72
1873,969,989,1.8,9,130,2.7,100
1874,970,982,2.3,2,145,1.7,95
1875,970,987,3.4,2,100,1.4,53
1876,970,988,1.6,1,110,2.0,66
1877,970,995,2.0,3,110,2.1,73
1878,971,972,2.8,7,130,2.1,65
1879,971,978,1.5,9,140,2.8,19
1880,971,985,2.2,9,140,2.5,13
1881,972,979,2.8,6,105,2.1,84
1882,972,990,3.5,10,130,2.1,81
1883,973,974,1.9,6,130,2.4,57
1884,973,975,3.1,10,110,2.3,54
1885,973,979,2.0,9,105,2.7,44
1886,973,982,3.0,10,150,2.2,37
1887,973,984,2.1,1,115,1.8,90
1888,974,975,2.4,7,125,2.3,8
1889,974,976,1.5,2,130,2.1,24
1890,975,983,2.0,10,145,2.7,84
1891,976,977,2.2,2,110,1.9,65
1892,976,983,1.9,5,150,2.2,45
1893,976,998,2.3,3,120,1.9,4
1894,977,984,2.7,0,150,1.3,81
1895,977,986,2.5,8,115,2.3,88
1896,977,996,2.3,7,145,2.2,29
1897,979,982,2.8,2,150,1.5,5
1898,980,984,3.2,3,120,1.5,92
1899,980,992,1.6,9,115,2.8,45
1900,982,990,3.2,4,120,1.6,57
1901,983,994,2.0,0,135,1.7,99
1902,983,997,1.7,10,130,2.8,13
1903,985,988,2.1,5,100,2.3,41
1904,987,988,1.7,4,125,2.3,44
1905,987,998,2.1,8,110,2.5,41
1906,988,989,1.5,8,110,2.8,52
1907,988,997,2.4,5,115,2.1,12
1908,989,991,2.0,3,150,1.9,32
1909,990,997,2.6,6,100,2.2,75
1910,991,994,1.8,10,105,2.9,66
1911,991,995,3.5,4,135,1.5,73
1912,991,998,2.4,8,130,2.3,11
1913,994,1000,1.6,3,135,2.2,71
1914,995,996,3.3,9,105,2.1,41
1915,995,998,1.7,2,150,2.0,82
1916,995,999,2.0,1,125,1.8,0
1917,996,997,2.8,8,110,2.2,20
1918,997,999,2.1,1,145,1.7,98
1919,998,999,3.3,1,115,1.3,64
1920,31,32,3.1,1,140,1.3,33
1921,34,35,3.0,0,130,1.3,53
1922,37,38,1.9,10,140,2.7,27
1923,62,63,2.9,6,125,1.9,58
1924,66,67,3.4,1,145,1.2,22
1925,102,103,2.7,10,125,2.4,42
1926,154,155,2.8,1,140,1.4,78
1927,187,188,1.9,4,120,2.2,2
1928,251,252,3.0,5,120,1.8,2
1929,252,253,2.9,8,135,2.1,51
1930,322,323,1.9,0,140,1.7,94
1931,390,391,2.2,10,100,2.7,43
1932,483,484,2.1,5,140,2.1,41
1933,513,514,1.7,3,120,2.2,22
1934,521,522,2.4,4,125,2.0,82
1935,588,589,3.1,10,150,2.2,2
1936,597,598,2.1,9,145,2.5,65
1937,677,678,1.8,8,140,2.6,77
1938,704,705,3.3,5,140,1.6,51
1939,737,738,2.9,8,105,2.2,35
1940,741,742,2.5,7,150,2.1,67
1941,957,958,2.4,4,135,1.9,17
1942,980,981,1.8,2,145,1.9,62
1943,992,993,2.6,2,125,1.7,82
